AAA	Anaa	French Polynesia	Anaa Airport
AAC	El Arish	Egypt	El Arish International Airport
AAE	Annaba	Algeria	Annaba Rabah Bitat Airport
AAK	Buariki	Kiribati	Aranuka Airport
AAL	Aalborg	Denmark	Aalborg Airport
AAN	Al Ain	United Arab Emirates	Al Ain International Airport
AAP	Samarinda	Indonesia	Aji Pangeran Tumenggung Pranoto International Airport
AAQ	Krasnyi Kurgan	Russia	Anapa Vityazevo Airport
AAR	Aarhus	Denmark	Aarhus Airport
AAT	Altay	China	Altay Xuedu Airport
AAX	Araxá	Brazil	Romeu Zema Airport
AAY	Al Ghaydah	Yemen	Al Ghaydah International Airport
AAZ	Quezaltenango	Guatemala	Quezaltenango Airport
ABA	Abakan	Russia	Abakan International Airport
ABB	Asaba	Nigeria	Asaba International Airport
ABD	Abadan	Iran	Abadan Ayatollah Jami International Airport
ABE	Allentown/Bethlehem	United States	Lehigh Valley International Airport
ABI	Abilene	United States	Abilene Regional Airport
ABJ	Abidjan	Côte d'Ivoire	Félix-Houphouët-Boigny International Airport
ABK	Kebri Dahar	Ethiopia	Kebri Dahar Airport
ABL	Ambler	United States	Ambler Airport
ABM	Bamaga	Australia	Northern Peninsula Airport
ABQ	Albuquerque	United States	Albuquerque International Sunport
ABR	Aberdeen	United States	Aberdeen Regional Airport
ABS	Abu Simbel	Egypt	Abu Simbel Airport
ABT	Al-Baha	Saudi Arabia	King Saud Bin Abdulaziz (Al Baha) Airport
ABU	Atambua	Indonesia	AA Bere Tallo (Haliwen) Airport
ABV	Abuja	Nigeria	Nnamdi Azikiwe International Airport
ABX	East Albury	Australia	Albury Airport
ABY	Albany	United States	Southwest Georgia Regional Airport
ABZ	Aberdeen	United Kingdom	Aberdeen International Airport
ACA	Acapulco	Mexico	General Juan N. Álvarez International Airport
ACC	Accra	Ghana	Kotoka International Airport
ACE	San Bartolomé	Spain	César Manrique-Lanzarote Airport
ACF	Aral	China	Aral Tarim Airport
ACH	St. Gallen	Switzerland	Sankt Gallen Altenrhein Airport
ACI	Saint Anne	Guernsey	Alderney Airport
ACK	Nantucket	United States	Nantucket Memorial Airport
ACT	Waco	United States	Waco Regional Airport
ACV	Arcata/Eureka	United States	California Redwood Coast-Humboldt County Airport
ACX	Xingyi	China	Xingyi Wanfenglin Airport
ACY	Atlantic City	United States	Atlantic City International Airport
ADB	Gaziemir	Turkey	Adnan Menderes International Airport
ADD	Addis Ababa	Ethiopia	Addis Ababa Bole International Airport
ADE	Aden	Yemen	Aden International Airport
ADF	Adıyaman	Turkey	Adıyaman Airport
ADJ	Amman	Jordan	Marka International (Amman Civil) Airport
ADK	Adak	United States	Adak Airport
ADL	Adelaide	Australia	Adelaide International Airport
ADQ	Kodiak	United States	Kodiak Airport
ADU	Ardabil	Iran	Ardabil Airport
ADZ	San Andrés	Colombia	Gustavo Rojas Pinilla International Airport
AEB	Baise (Tianyang)	China	Baise (Bose) Bama Airport
AEP	Buenos Aires	Argentina	Aeroparque Jorge Newbery
AER	Sochi	Russia	Sochi International Airport
AES	Ålesund	Norway	Ålesund Airport
AET	Allakaket	United States	Allakaket Airport
AEU	Abu Musa	Iran	Abu Musa Island Airport
AEX	Alexandria	United States	Alexandria International Airport
AEY	Akureyri	Iceland	Akureyri International Airport
AFA	San Rafael	Argentina	Suboficial Ay Santiago Germano Airport
AFL	Alta Floresta	Brazil	Piloto Osvaldo Marques Dias Airport
AFZ	Sabzevar	Iran	Sabzevar National Airport
AGA	Agadir (Temsia)	Morocco	Al Massira Airport
AGE	Wangerooge	Germany	Wangerooge Airport
AGH	Ängelholm	Sweden	Ängelholm-Helsingborg Airport
AGI	Wageningen	Suriname	Wageningen Airstrip
AGJ	Aguni	Japan	Aguni Airport
AGM	Tasiilaq	Greenland	Tasiilaq Heliport
AGN	Angoon	United States	Angoon Seaplane Base
AGP	Málaga	Spain	Málaga-Costa del Sol Airport
AGR	Agra	India	Agra Airport / Agra Air Force Station
AGS	Augusta	United States	Augusta Regional At Bush Field
AGT	Ciudad del Este	Paraguay	Guaraní International Airport
AGU	Aguascalientes	Mexico	Aguascalientes International Airport
AGX	Agatti	India	Agatti Airport
AHA	Ambikapur	India	Maa Mahamaya Airport
AHB	Abha	Saudi Arabia	Abha International Airport
AHE	Ahe Atoll	French Polynesia	Ahe Airport
AHO	Alghero	Italy	Alghero-Fertilia Airport
AHU	Al Hoceima	Morocco	Cherif Al Idrissi Airport
AIA	Alliance	United States	Alliance Municipal Airport
AIN	Wainwright	United States	Wainwright Airport
AIP	Adampur	India	Adampur Airport
AIT	Aitutaki	Cook Islands	Aitutaki Airport
AIU	Atiu Island	Cook Islands	Enua Airport
AJA	Ajaccio	France	Ajaccio Napoléon Bonaparte airport
AJF	Al-Jawf	Saudi Arabia	Al-Jawf International Airport
AJI	Ağrı	Turkey	Ağrı Airport
AJL	Aizawl (Lengpui)	India	Lengpui Airport
AJN	Ouani	Comoros	Ouani Airport
AJR	Arvidsjaur	Sweden	Arvidsjaur Airport
AJU	Aracaju	Brazil	Aracaju - Santa Maria Airport
AKA	Ankang (Hanbin)	China	Ankang Fuqiang Airport
AKB	Atka	United States	Atka Airport
AKF	Kufra	Libya	Kufra Airport
AKI	Akiak	United States	Akiak Airport
AKJ	Higashikagura	Japan	Asahikawa Airport
AKK	Akhiok	United States	Akhiok Airport
AKL	Auckland	New Zealand	Auckland International Airport
AKN	King Salmon	United States	King Salmon Airport
AKP	Anaktuvuk Pass	United States	Anaktuvuk Pass Airport
AKR	Akure	Nigeria	Akure Airport
AKS	Auki	Solomon Islands	Gwaunaru'u Airport
AKU	Aksu (Onsu)	China	Aksu Hongqipo Airport
AKV	Akulivik	Canada	Akulivik Airport
AKX	Aktobe	Kazakhstan	Aktobe International Airport
AKY	Sittwe	Myanmar	Sittwe Airport
ALA	Almaty	Kazakhstan	Almaty International Airport
ALB	Albany	United States	Albany International Airport
ALC	Alicante	Spain	Alicante-Elche Miguel Hernández Airport
ALF	Alta	Norway	Alta Airport
ALG	Algiers	Algeria	Houari Boumediene Airport
ALH	Albany	Australia	Albany Airport
ALO	Waterloo	United States	Waterloo Regional Airport
ALP	Aleppo	Syria	Aleppo International Airport
ALS	Alamosa	United States	San Luis Valley Regional Airport/Bergman Field
ALW	Walla Walla	United States	Walla Walla Regional Airport
ALZ	Lazy Bay	United States	Alitak Seaplane Base
AMA	Amarillo	United States	Rick Husband Amarillo International Airport
AMD	Ahmedabad	India	Sardar Vallabh Patel International Airport
AMH	Arba Minch	Ethiopia	Arba Minch Airport
AMM	Amman	Jordan	Queen Alia International Airport
AMQ	Ambon	Indonesia	Pattimura International Airport
AMS	Amsterdam	Netherlands	Amsterdam Airport Schiphol
AMV	Amderma	Russia	Amderma Airport
ANC	Anchorage	United States	Ted Stevens Anchorage International Airport
ANF	Antofagasta	Chile	Andrés Sabella Gálvez International Airport
ANI	Aniak	United States	Aniak Airport
ANR	Antwerp	Belgium	Antwerp International Airport (Deurne)
ANS	Andahuaylas	Peru	Andahuaylas Airport
ANU	Osbourn	Antigua and Barbuda	V. C. Bird International Airport
ANV	Anvik	United States	Anvik Airport
ANX	Andenes	Norway	Andøya Airport, Andenes
AOE	Eskişehir	Turkey	Hasan Polatkan Airport
AOG	Anshan	China	Anshan Teng'ao Airport / Anshan Air Base
AOI	Falconara Marittima (AN)	Italy	Marche Airport
AOJ	Aomori	Japan	Aomori Airport
AOK	Karpathos Island	Greece	Karpathos Airport
AOO	Altoona	United States	Altoona Blair County Airport
AOQ	Aappilattoq	Greenland	Aappilattoq Heliport
AOR	Alor Satar	Malaysia	Sultan Abdul Halim Airport
AOS	Amook Bay	United States	Amook Bay Seaplane Base
APK	Apataki	French Polynesia	Apataki Airport
APL	Nampula	Mozambique	Nampula Airport
APN	Alpena	United States	Alpena County Regional Airport
APO	Carepa	Colombia	Antonio Roldán Betancur Airport
APW	Apia	Samoa	Faleolo International Airport
AQA	Araraquara	Brazil	Araraquara Airport
AQG	Anqing	China	Anqing Tianzhushan Airport / Anqing North Air Base
AQI	Qaisumah	Saudi Arabia	Qaisumah–Hafar Al-Batin International Airport
AQJ	Aqaba	Jordan	King Hussein International Airport
AQP	Arequipa	Peru	Rodríguez Ballón International Airport
ARC	Arctic Village	United States	Arctic Village Airport
ARD	Kabola	Indonesia	Alor Island - Mali Airport
ARH	Archangelsk	Russia	Talagi Airport
ARI	Arica	Chile	Chacalluta International Airport
ARK	Arusha	Tanzania	Arusha Airport
ARM	Armidale	Australia	Armidale Airport
ARN	Stockholm	Sweden	Stockholm-Arlanda Airport
ART	Watertown	United States	Watertown International Airport
ARU	Araçatuba	Brazil	Araçatuba Airport
ARW	Arad	Romania	Arad International Airport
ASB	Ashgabat	Turkmenistan	Ashgabat International Airport
ASD	Andros Town	Bahamas	Andros Town Airport
ASE	Aspen	United States	Aspen-Pitkin County Airport (Sardy Field)
ASF	Astrakhan	Russia	Astrakhan Narimanovo Boris M. Kustodiev International Airport
ASI	Cat Hill	Saint Helena, Ascension and Tristan da Cunha	RAF Ascension Island
ASJ	Amami	Japan	Amami Airport
ASM	Asmara	Eritrea	Asmara International Airport
ASO	Asosa	Ethiopia	Asosa Airport
ASP	Alice Springs	Australia	Alice Springs Airport
ASR	Kayseri	Turkey	Kayseri Erkilet International Airport
ASU	Asunción	Paraguay	Silvio Pettirossi International Airport
ASV	Ol Tukai	Kenya	Amboseli Airport
ASW	Aswan	Egypt	Aswan International Airport
ATC	Arthur's Town	Bahamas	Arthur's Town Airport
ATH	Spata-Artemida	Greece	Athens Eleftherios Venizelos International Airport
ATK	Atqasuk	United States	Atqasuk Edward Burnell Sr Memorial Airport
ATL	Atlanta	United States	Hartsfield Jackson Atlanta International Airport
ATM	Altamira	Brazil	Altamira Interstate Airport
ATQ	Amritsar	India	Sri Guru Ram Das Ji International Airport
ATT	Atmautluak	United States	Atmautluak Airport
ATW	Appleton	United States	Appleton International Airport
ATY	Watertown	United States	Watertown Regional Airport
ATZ	Asyut	Egypt	Asyut International Airport
AUA	Oranjestad	Aruba	Queen Beatrix International Airport
AUC	Arauca	Colombia	Santiago Perez Airport
AUG	Augusta	United States	Augusta State Airport
AUH	Abu Dhabi	United Arab Emirates	Zayed International Airport
AUK	Alakanuk	United States	Alakanuk Airport
AUL	Aur Atoll	Marshall Islands	Aur Island Airport
AUQ	Hiva Oa Island	French Polynesia	Hiva Oa-Atuona Airport
AUR	Aurillac	France	Aurillac airport
AUS	Austin	United States	Austin Bergstrom International Airport
AUU	Aurukun	Australia	Aurukun Airport
AUX	Araguaína	Brazil	Araguaína Airport
AVA	Anshun (Xixiu)	China	Anshun Huangguoshu Airport
AVK	Arvaikheer	Mongolia	Arvaikheer Airport
AVL	Asheville	United States	Asheville Regional Airport
AVN	Avignon	France	Avignon Caumont airport
AVP	Wilkes-Barre/Scranton	United States	Wilkes-Barre/Scranton International Airport
AVR	Amravati	India	Amravati  Airport
AVV	Geelong/Melbourne	Australia	Melbourne Avalon International Airport
AWA	Hawassa	Ethiopia	Hawassa International Airport
AWK	Wake Island	United States Minor Outlying Islands	Wake Island Airfield
AWZ	Ahvaz	Iran	Qasem Soleimani International Airport
AXA	The Valley	Anguilla	Clayton J. Lloyd International Airport
AXD	Alexandroupolis	Greece	Alexandroupoli Democritus Airport
AXF	Bayanhot	China	Alxa Left Banner Bayanhot Airport
AXJ	Amakusa	Japan	Amakusa Airport
AXM	Armenia	Colombia	El Eden Airport
AXP	Spring Point	Bahamas	Spring Point Airport
AXR		French Polynesia	Arutua Airport
AXT	Akita	Japan	Akita Airport
AXU	Axum	Ethiopia	Axum Airport
AYJ	Faizabad	India	Maharshi Valmiki International Airport
AYP	Ayacucho	Peru	Air Force Colonel Alfredo Mendivil Duarte Airport
AYQ	Yulara	Australia	Ayers Rock Connellan Airport
AYT	Antalya	Turkey	Antalya International Airport
AZA	Mesa	United States	Mesa Gateway Airport
AZD	Yazd	Iran	Shahid Sadooghi Airport
AZN	Andijan	Uzbekistan	Andijan International Airport
AZO	Kalamazoo	United States	Kalamazoo/Battle Creek International Airport
AZR	Adrar	Algeria	Touat-Cheikh Sidi Mohamed Belkebir Airport
AZS	Samana	Dominican Republic	Samaná El Catey International Airport
BAH	Manama	Bahrain	Bahrain International Airport
BAL	Batman	Turkey	Batman Airport
BAQ	Barranquilla	Colombia	Ernesto Cortissoz International Airport
BAR	Qionghai (Basuo)	China	Qionghai Bo'ao Airport
BAS	Ballalae	Solomon Islands	Ballalae Airport
BAV	Baotou	China	Baotou Donghe International Airport
BAX	Barnaul	Russia	Barnaul Gherman Titov International Airport
BAY	Tăuții-Măgherăuș	Romania	Maramureș International Airport
BAZ	Barcelos	Brazil	Barcelos Airport
BBA	Balmaceda	Chile	Balmaceda Airport
BBG	Butaritari	Kiribati	Butaritari Airport
BBI	Bhubaneswar	India	Biju Patnaik International Airport
BBK	Kasane	Botswana	Kasane International Airport
BBM	Battambang	Cambodia	Battambang Airport
BBN	Bario	Malaysia	Bario Airport
BBO	Berbera	Somalia	Berbera Airport
BBQ	Codrington	Antigua and Barbuda	Burton-Nibbs International Airport
BBR	Basse-Terre	Guadeloupe	Basse-Terre Baillif Airport
BBU	Bucharest	Romania	Bucharest Băneasa Aurel Vlaicu International Airport
BCA	Baracoa	Cuba	Gustavo Rizo Airport
BCD	Bacolod City	Philippines	Bacolod-Silay International Airport
BCH	Baucau	Timor-Leste	Baucau Airport
BCI	Barcaldine	Australia	Barcaldine Airport
BCM	Bacău	Romania	Bacău George Enescu International  Airport
BCN	Barcelona	Spain	Josep Tarradellas Barcelona-El Prat Airport
BCO	Jinka	Ethiopia	Jinka Airport
BCU	Bauchi	Nigeria	Sir Abubakar Tafawa Balewa Bauchi State International Airport
BDA	Hamilton	Bermuda	L.F. Wade International Airport
BDB	Bundaberg	Australia	Bundaberg Airport
BDD	Badu Island	Australia	Badu Island Airport
BDH	Bandar Lengeh	Iran	Bandar Lengeh International Airport
BDJ	Banjarbaru	Indonesia	Syamsudin Noor International Airport
BDL	Hartford	United States	Bradley International Airport
BDO	Bandung	Indonesia	Husein Sastranegara International Airport
BDP	Bhadrapur	Nepal	Bhadrapur Airport
BDQ	Vadodara	India	Vadodara International Airport
BDS	Brindisi	Italy	Brindisi Airport
BDT	Gbadolite	Democratic Republic of the Congo	Gbadolite Airport
BDU	Målselv	Norway	Bardufoss Airport
BEB	Balivanich	United Kingdom	Benbecula Airport
BED	Bedford	United States	Laurence G Hanscom Field
BEF	Bluefields	Nicaragua	Bluefields Airport
BEG	Belgrade	Serbia	Belgrade Nikola Tesla Airport
BEJ	Tanjung Redeb - Borneo Island	Indonesia	Kalimarau Airport
BEK	Bareilly	India	Bareilly Air Force Station
BEL	Belém	Brazil	Val de Cans/Júlio Cezar Ribeiro International Airport
BEM	Oulad Yaich	Morocco	Beni Mellal Airport
BEN	Benina	Libya	Benina International Airport
BER	Berlin	Germany	Berlin Brandenburg Airport
BES	Brest	France	Brest Bretagne airport
BET	Bethel	United States	Bethel Airport
BEU	Bedourie	Australia	Bedourie Airport
BEW	Beira	Mozambique	Beira International Airport
BEY	Beirut	Lebanon	Beirut Rafic Hariri International Airport
BFD	Bradford	United States	Bradford Regional Airport
BFF	Scottsbluff	United States	Western Neb. Rgnl/William B. Heilig Airport
BFI	Seattle	United States	King County International Airport - Boeing Field
BFJ	Bijie	China	Bijie Feixiong Airport
BFL	Bakersfield	United States	Meadows Field
BFN	Bloemfontein	South Africa	Bram Fischer International Airport
BFQ	Puerto Piña	Panama	Bahia Piña Airport
BFS	Belfast	United Kingdom	Belfast International Airport
BFV	Buriram	Thailand	Buri Ram Airport
BFY	Bengbu	China	Bengbu Tenghu Airport
BGA	Bucaramanga	Colombia	Palonegro Airport
BGC	Bragança	Portugal	Bragança Airport
BGF	Bangui	Central African Republic	Bangui M'Poko International Airport
BGG	Bingöl	Turkey	Bingöl Airport
BGI	Bridgetown	Barbados	Grantley Adams International Airport
BGK	Big Creek	Belize	Big Creek Airport
BGM	Binghamton	United States	Greater Binghamton/Edwin A Link field
BGO	Bergen	Norway	Bergen Airport, Flesland
BGR	Bangor	United States	Bangor International Airport
BGW	Baghdad	Iraq	Baghdad International Airport / New Al Muthana Air Base
BGY	Orio al Serio (BG)	Italy	Il Caravaggio International Airport
BHB	Bar Harbor	United States	Hancock County-Bar Harbor Airport
BHD	Belfast	United Kingdom	George Best Belfast City Airport
BHE	Blenheim	New Zealand	Woodbourne Airport
BHH	Bisha	Saudi Arabia	Bisha Airport
BHI	Bahía Blanca	Argentina	Comandante Espora Airport
BHJ	Bhuj	India	Bhuj Airport
BHK	Bukhara	Uzbekistan	Bukhara International Airport
BHM	Birmingham	United States	Birmingham-Shuttlesworth International Airport
BHO	Bhopal	India	Raja Bhoj International Airport
BHQ	Broken Hill	Australia	Broken Hill Airport
BHR	Bharatpur	Nepal	Bharatpur Airport
BHS	Bathurst	Australia	Bathurst Airport
BHU	Bhavnagar	India	Bhavnagar Airport
BHV	Bahawalpur	Pakistan	Bahawalpur Airport
BHX	Birmingham, West Midlands	United Kingdom	Birmingham Airport
BHY	Beihai	China	Beihai Fucheng Airport
BIA	Bastia	France	Bastia-Poretta International airport
BID	Block Island	United States	Block Island State Airport
BIH	Bishop	United States	Eastern Sierra Regional Airport
BIK	Biak	Indonesia	Frans Kaisiepo Airport
BIL	Billings	United States	Billings Logan International Airport
BIM	South Bimini	Bahamas	South Bimini Airport
BIO	Bilbao	Spain	Bilbao Airport
BIQ	Biarritz	France	Biarritz Pays Basque airport
BIR	Biratnagar	Nepal	Biratnagar Airport
BIS	Bismarck	United States	Bismarck Municipal Airport
BJA	Béjaïa	Algeria	Soummam–Abane Ramdane Airport
BJB	Bojnord	Iran	Bojnord Airport
BJC	Denver	United States	Rocky Mountain Metropolitan Airport
BJF	Båtsfjord	Norway	Båtsfjord Airport
BJL	Banjul (Yundum)	Gambia	Banjul International Airport
BJM	Bujumbura	Burundi	Bujumbura Melchior Ndadaye International Airport
BJR	Bahir Dar	Ethiopia	Bahir Dar Airport
BJT	Bentota	Sri Lanka	Bentota River Waterdrome
BJV	Bodrum	Turkey	Milas Bodrum International Airport
BJX	Silao	Mexico	Guanajuato International Airport
BJZ	Badajoz	Spain	Badajoz Airport
BKC	Buckland	United States	Buckland Airport
BKF	Katmai National Park	United States	Lake Brooks Seaplane Base
BKG	Branson	United States	Branson Airport
BKI	Kota Kinabalu	Malaysia	Kota Kinabalu International Airport
BKK	Bangkok	Thailand	Suvarnabhumi Airport
BKM	Bakalalan	Malaysia	Bakalalan Airport
BKN	Balkanabat	Turkmenistan	Balkanabat International Airport
BKO	Bamako	Mali	Modibo Keita International Airport
BKQ	Blackall	Australia	Blackall Airport
BKS	Bengkulu	Indonesia	Fatmawati Soekarno Airport
BKW	Beaver	United States	Raleigh County Memorial Airport
BKZ	Bukoba	Tanzania	Bukoba Airport
BLA	Barcelona	Venezuela	General José Antonio Anzoategui International Airport
BLB	Panamá City	Panama	Panamá Pacífico International Airport
BLD	Boulder City	United States	Boulder City Municipal Airport
BLE	Borlange	Sweden	Dala Airport
BLI	Bellingham	United States	Bellingham International Airport
BLJ	Batna	Algeria	Batna Mostefa Ben Boulaid Airport
BLL	Billund	Denmark	Billund Airport
BLQ	Bologna	Italy	Bologna Guglielmo Marconi Airport
BLR	Bengaluru	India	Kempegowda International Airport Bengaluru
BLV	Belleville	United States	Scott AFB/Midamerica Airport
BLW	Beledweyne	Somalia	Beledweyne Airport
BLZ	Blantyre	Malawi	Chileka International Airport
BMA	Stockholm	Sweden	Stockholm-Bromma Airport
BME	Broome	Australia	Broome International Airport
BMI	Bloomington/Normal	United States	Central Illinois Regional Airport at Bloomington-Normal
BMK	Borkum	Germany	Borkum Airport
BMO	Banmaw	Myanmar	Banmaw Airport
BMR	Baltrum	Germany	Baltrum Airport
BMU	Bima	Indonesia	Sultan Muhammad Salahuddin Airport
BMV	Buon Ma Thuot	Vietnam	Buon Ma Thuot Airport
BMW	Bordj Badji Mokhtar	Algeria	Bordj Badji Mokhtar Airport
BMY	Waala	New Caledonia	Île Art - Waala Airport
BNA	Nashville	United States	Nashville International Airport
BNB	Boende	Democratic Republic of the Congo	Boende Airport
BND	Bandar Abbas	Iran	Bandar Abbas International Airport
BNE	Brisbane	Australia	Brisbane International Airport
BNI	Benin	Nigeria	Benin Airport
BNK	Ballina	Australia	Ballina Byron Gateway Airport
BNN	Brønnøy	Norway	Brønnøysund Airport, Brønnøy
BNS	Barinas	Venezuela	Barinas Airport
BNX	Mahovljani	Bosnia and Herzegovina	Banja Luka International Airport
BNY	Anua	Solomon Islands	Bellona/Anua Airport
BOB	Motu Mute	French Polynesia	Bora Bora Airport
BOC	Isla Colón	Panama	Bocas del Toro "Isla Colón" International Airport
BOD	Bordeaux	France	Bordeaux–Mérignac Airport
BOG	Bogota	Colombia	El Dorado International Airport
BOH	Bournemouth	United Kingdom	Bournemouth Airport
BOI	Boise	United States	Boise Air Terminal/Gowen Field
BOJ	Burgas	Bulgaria	Burgas Airport
BOM	Mumbai	India	Chhatrapati Shivaji Maharaj International Airport
BON	Kralendijk	Caribbean Netherlands	Flamingo International Airport
BOO	Bodø	Norway	Bodø Airport
BOR	Ton Phueng	Laos	Bokeo International Airport
BOS	Boston	United States	Boston Logan International Airport
BOT	Bosset	Papua New Guinea	Bosset Airport
BOY	Bobo Dioulasso	Burkina Faso	Bobo Dioulasso Airport
BPE	Qinhuangdao (Changli)	China	Qinhuangdao Beidaihe Airport
BPL	Bole	China	Bole Alashankou Airport
BPN	Balikpapan	Indonesia	Sultan Aji Muhammad Sulaiman Sepinggan International Airport
BPS	Porto Seguro	Brazil	Porto Seguro International Airport
BPT	Beaumont/Port Arthur	United States	Jack Brooks Regional Airport
BPX	Bangda	China	Qamdo Bangda Airport
BPY	Besalampy	Madagascar	Besalampy Airport
BQB	Busselton	Australia	Busselton Margaret River Regional Airport
BQG	Bogorodskoye	Russia	Bogorodskoye Airport
BQJ	Batagay	Russia	Batagay Airport
BQK	Brunswick	United States	Brunswick Golden Isles Airport
BQL		Australia	Boulia Airport
BQN	Aguadilla	Puerto Rico	Rafael Hernández International Airport
BQS	Blagoveschensk	Russia	Ignatyevo Airport
BQT	Brest	Belarus	Brest International Airport
BQU	Bequia	Saint Vincent and the Grenadines	J F Mitchell Airport
BRA	Barreiras	Brazil	Dom Ricardo Weberberger Airport
BRC	San Carlos de Bariloche	Argentina	Teniente Luis Candelaria International Airport
BRD	Brainerd	United States	Brainerd Lakes Regional Airport
BRE	Bremen	Germany	Bremen Airport
BRI	Bari	Italy	Bari Karol Wojtyła International Airport
BRK		Australia	Bourke Airport
BRL	Burlington	United States	Southeast Iowa Regional Airport
BRM	Barquisimeto	Venezuela	Jacinto Lara International Airport
BRN	Bern	Switzerland	Bern Airport
BRO	Brownsville	United States	Brownsville South Padre Island International Airport
BRQ	Brno	Czech Republic	Brno-Tuřany Airport
BRR	Eoligarry	United Kingdom	Barra Airport
BRS	Bristol	United Kingdom	Bristol Airport
BRU	Zaventem	Belgium	Brussels Airport
BRW	Utqiaġvik	United States	Wiley Post Will Rogers Memorial Airport
BRX	Barahona	Dominican Republic	Maria Montez International Airport
BSA	Bosaso	Somalia	Bender Qassim International Airport
BSB	Brasília	Brazil	Presidente Juscelino Kubitschek International Airport
BSC	Bahía Solano	Colombia	José Celestino Mutis Airport
BSD	Baoshan (Longyang)	China	Baoshan Yunrui Airport
BSG	Bata	Equatorial Guinea	Bata International Airport
BSK	Biskra	Algeria	Biskra - Mohamed Khider Airport
BSL	Bâle / Mulhouse	France	EuroAirport Basel–Mulhouse–Freiburg
BSO	Basco	Philippines	Basco Airport
BSR	Basra	Iraq	Basra International Airport
BSX	Pathein	Myanmar	Pathein Airport
BSZ	Bishkek	Kyrgyzstan	Manas International Airport
BTC	Batticaloa	Sri Lanka	Batticaloa International Airport
BTH	Batam	Indonesia	Hang Nadim International Airport
BTI	Barter Island	United States	Barter Island Long Range Radar Station Airport
BTJ	Banda Aceh	Indonesia	Sultan Iskandar Muda International Airport
BTK	Bratsk	Russia	Bratsk Airport
BTM	Butte	United States	Bert Mooney Airport
BTR	Baton Rouge	United States	Baton Rouge Metropolitan Airport
BTS	Bratislava	Slovakia	M. R. Štefánik Airport
BTT	Bettles	United States	Bettles Airport
BTU	Bintulu	Malaysia	Bintulu Airport
BTV	Burlington	United States	Patrick Leahy Burlington International Airport
BTW	Batu Licin	Indonesia	Bersujud Airport
BUA	Buka Island	Papua New Guinea	Buka Airport
BUC		Australia	Burketown Airport
BUD	Budapest	Hungary	Budapest Liszt Ferenc International Airport
BUF	Buffalo	United States	Buffalo Niagara International Airport
BUI	Bokondini	Indonesia	Bokondini Airport
BUN	Buenaventura	Colombia	Gerardo Tobar López Airport
BUQ	Bulawayo	Zimbabwe	Joshua Mqabuko Nkomo International Airport
BUR	Burbank	United States	Hollywood Burbank/Bob Hope Airport
BUS	Batumi	Georgia	Alexander Kartveli Batumi International Airport
BUT	Jakar	Bhutan	Bathpalathang Airport
BUU	Muara Bungo	Indonesia	Muara Bungo Airport
BUX	Bunia	Democratic Republic of the Congo	Bunia Airport
BUZ	Bushehr	Iran	Bushehr Airport
BVA	Beauvais	France	Beauvais-Tillé airport
BVB	Boa Vista	Brazil	Atlas Brasil Cantanhede International Airport
BVC	Rabil	Cape Verde	Aristides Pereira International Airport
BVE	Brive	France	Brive Souillac airport
BVG	Berlevåg	Norway	Berlevåg Airport
BVH	Vilhena	Brazil	Brigadeiro Camarão Airport
BVI		Australia	Birdsville Airport
BVJ	Bovanenkovo	Russia	Bovanenkovo Airport
BVS	Breves	Brazil	Breves Airport
BWA	Siddharthanagar (Bhairahawa)	Nepal	Gautam Buddha International Airport
BWI	Baltimore	United States	Baltimore/Washington International Thurgood Marshall Airport
BWK	Gornji Humac	Croatia	Brač Airport
BWN	Bandar Seri Begawan	Brunei	Brunei International Airport
BWO	Balakovo	Russia	Balakovo Airport
BWT	Burnie	Australia	Wynyard Airport
BWX	Rogojampi, Banyuwangi	Indonesia	Banyuwangi Airport
BXG		Australia	Bendigo Airport
BXH	Balkhash	Kazakhstan	Balkhash Airport
BXR	Bam	Iran	Bam Airport
BXT	Bontang-Borneo Island	Indonesia	LNG Badak Airport
BXU	Butuan	Philippines	Bancasi Airport
BXY	Baikonur	Kazakhstan	Baikonur Krayniy International Airport
BYK	Bouaké	Côte d'Ivoire	Bouaké Airport
BYM	Bayamo	Cuba	Carlos Manuel de Cespedes Airport
BYN	Bayankhongor	Mongolia	Bayankhongor Airport
BYO	Bonito	Brazil	Bonito Airport
BYR	Læsø	Denmark	Læsø Airport
BYW	Blakely Island	United States	Blakely Island Airport
BZE	Belize City	Belize	Philip S. W. Goldson International Airport
BZG	Bydgoszcz	Poland	Ignacy Jan Paderewski Bydgoszcz Airport
BZI	Balıkesir	Turkey	Balıkesir Airport
BZK	Bryansk	Russia	Bryansk International Airport
BZL	Barisal	Bangladesh	Barisal Airport
BZN	Bozeman	United States	Bozeman Yellowstone International Airport
BZO	Bolzano (BZ)	Italy	Bolzano Airport
BZR	Béziers	France	Béziers Vias airport
BZV	Brazzaville	Republic of the Congo	Maya-Maya International Airport
BZX	Bazhong	China	Bazhong Enyang Airport
CAB	Cabinda	Angola	Cabinda Airport
CAC	Cascavel	Brazil	Coronel Adalberto Mendes da Silva Airport
CAE	Columbia	United States	Columbia Metropolitan Airport
CAF	Carauari	Brazil	Carauari Airport
CAG	Cagliari	Italy	Cagliari Elmas Airport
CAH	Ca Mau City	Vietnam	Cà Mau Airport
CAI	Cairo	Egypt	Cairo International Airport
CAJ	Canaima	Venezuela	Canaima Airport
CAK	Akron	United States	Akron Canton Regional Airport
CAL	Campbeltown	United Kingdom	Campbeltown Airport
CAN	Guangzhou (Huadu)	China	Guangzhou Baiyun International Airport
CAP	Cap Haitien	Haiti	Cap Haitien International Airport
CAT	Cascais	Portugal	Cascais Airport
CAU	Caruaru	Brazil	Caruaru Airport
CAW	Campos dos Goytacazes	Brazil	Bartolomeu Lisandro Airport
CAY	Matoury	French Guiana	Cayenne – Félix Eboué Airport
CAZ		Australia	Cobar Airport
CBB	Cochabamba	Bolivia	Jorge Wilsterman International Airport
CBH	Béchar	Algeria	Béchar Boudghene Ben Ali Lotfi Airport
CBO	Datu Odin Sinsuat	Philippines	Cotabato (Awang) Airport
CBQ	Calabar	Nigeria	Margaret Ekpo International Airport
CBR	Canberra	Australia	Canberra Airport
CBT	Catumbela	Angola	Catumbela Airport
CCA	Chimore	Bolivia	Chimore Airport
CCC	Cayo Coco	Cuba	Jardines Del Rey Airport
CCE	New Cairo	Egypt	Capital International Airport
CCF	Carcassonne	France	Carcassonne Salvaza Airport
CCJ	Calicut	India	Calicut International Airport
CCK	West Island	Cocos (Keeling) Islands	Cocos (Keeling) Islands Airport
CCP	Concepcion	Chile	Carriel Sur International Airport
CCR	Concord	United States	Buchanan Field
CCS	Maiquetía	Venezuela	Maiquetía Simón Bolívar International Airport
CCU	Kolkata	India	Netaji Subhash Chandra Bose International Airport
CCV	Craig Cove	Vanuatu	Craig Cove Airport
CCZ	Chub Cay	Bahamas	Chub Cay Airport
CDB	Cold Bay	United States	Cold Bay Airport
CDC	Cedar City	United States	Cedar City Regional Airport
CDE	Chengde	China	Chengde Puning Airport
CDG	Paris (Roissy-en-France, Val-d'Oise)	France	Charles de Gaulle International Airport
CDP	Kadapa	India	Kadapa Airport
CDR	Chadron	United States	Chadron Municipal Airport
CDT	Castellón de la Plana	Spain	Castellón-Costa Azahar Airport
CDV	Cordova	United States	Merle K (Mudhole) Smith Airport
CEB	Cebu City/Lapu-Lapu City	Philippines	Mactan Cebu International Airport
CEC	Crescent City	United States	Jack Mc Namara Field Airport
CED		Australia	Ceduna Airport
CEE	Cherepovets	Russia	Cherepovets Airport
CEI	Chiang Rai	Thailand	Mae Fah Luang - Chiang Rai International Airport
CEK	Chelyabinsk	Russia	Kurchatov Chelyabinsk International Airport
CEL	Canela	Brazil	Canela Airport
CEM	Central	United States	Central Airport
CEN	Ciudad Obregón	Mexico	Ciudad Obregón International Airport
CEZ	Cortez	United States	Cortez Municipal Airport
CFB	Cabo Frio	Brazil	Cabo Frio Airport
CFE	Clermont-Ferrand	France	Clermont-Ferrand Auvergne airport
CFG	Cienfuegos	Cuba	Jaime Gonzalez Airport
CFK	Chlef	Algeria	Chlef Aboubakr Belkaid International Airport
CFN	Donegal	Ireland	Donegal Airport
CFR	Caen	France	Caen Carpiquet airport
CFS	Coffs Harbour	Australia	Coffs Harbour Airport
CFU	Kerkyra (Corfu)	Greece	Corfu Ioannis Kapodistrias International Airport
CGA	Craig	United States	Craig Seaplane Base
CGB	Cuiabá	Brazil	Várzea Grande–Marechal Rondon International Airport
CGD	Changde (Dingcheng)	China	Changde Taohuayuan Airport
CGH	São Paulo	Brazil	Congonhas–Deputado Freitas Nobre Airport
CGI	Cape Girardeau	United States	Cape Girardeau Regional Airport
CGK	Jakarta	Indonesia	Soekarno-Hatta International Airport
CGM	Mambajao	Philippines	Camiguin Airport
CGN	Köln (Cologne)	Germany	Cologne Bonn Airport
CGO	Zhengzhou	China	Zhengzhou Xinzheng International Airport
CGP	Chattogram (Chittagong)	Bangladesh	Shah Amanat International Airport
CGQ	Changchun	China	Changchun Longjia International Airport
CGR	Campo Grande	Brazil	Campo Grande Airport
CGY	Laguindingan	Philippines	Laguindingan International Airport
CHA	Chattanooga	United States	Chattanooga Metropolitan Airport (Lovell Field)
CHC	Christchurch	New Zealand	Christchurch International Airport
CHE	Tallinn	Estonia	Tallinn Linnahall Heliport
CHG	Shuangta, Chaoyang	China	Chaoyang Airport
CHH	Chachapoyas	Peru	Chachapoyas Airport
CHM	Chimbote	Peru	FAP Lieutenant Jaime Andres de Montreuil Morales Airport
CHO	Charlottesville	United States	Charlottesville Albemarle Airport
CHQ	Souda	Greece	Chania International Airport
CHS	Charleston	United States	Charleston International Airport
CHT	Te One	New Zealand	Inia William Tuuta Memorial Airport
CHU	Chuathbaluk	United States	Chuathbaluk Airport
CHX	Changuinola	Panama	Changuinola Captain Manuel Niño International Airport
CHY	Choiseul Bay	Solomon Islands	Choiseul Bay Airport
CIA	Rome	Italy	Ciampino–G. B. Pastine International Airport
CID	Cedar Rapids	United States	The Eastern Iowa Airport
CIF	Chifeng	China	Chifeng Yulong Airport
CIH	Changzhi	China	Changzhi Wangcun Airport
CIJ	Cobija	Bolivia	Capitán Aníbal Arab Airport
CIK	Chalkyitsik	United States	Chalkyitsik Airport
CIT	Shymkent	Kazakhstan	Shymkent International Airport
CIU	Kincheloe	United States	Chippewa County International Airport
CIW	Canouan	Saint Vincent and the Grenadines	Canouan Airport
CIX	Chiclayo	Peru	Capitán FAP José A. Quiñones González International Airport
CIY	Comiso	Italy	Comiso Airport
CJA	Cajamarca	Peru	Mayor General FAP Armando Revoredo Iglesias Airport
CJB	Coimbatore	India	Coimbatore International Airport
CJC	Calama	Chile	El Loa Airport
CJJ	Cheongju	South Korea	Cheongju International Airport/Cheongju Air Base (K-59/G-513)
CJL	Chitral	Pakistan	Chitral Airport
CJM	Chumphon	Thailand	Chumphon Airport
CJN	Cijulang	Indonesia	Nusawiru Airport
CJS	Ciudad Juárez	Mexico	Abraham González International Airport
CJU	Jeju City	South Korea	Jeju International Airport
CJZ	Cajazeiras	Brazil	Pedro Vieira Moreira Airport
CKB	Bridgeport	United States	North Central West Virginia Airport
CKD	Crooked Creek	United States	Crooked Creek Airport
CKG	Chongqing	China	Chongqing Jiangbei International Airport
CKH	Chokurdah	Russia	Chokurdakh Airport
CKS	Parauapebas	Brazil	Carajás Airport
CKW	Christmas Creek Mine	Australia	Christmas Creek Airport
CKX	Chicken	United States	Chicken Airport
CKY	Conakry	Guinea	Ahmed Sékou Touré International Airport
CKZ	Çanakkale	Turkey	Çanakkale Airport
CLD	Carlsbad	United States	McClellan-Palomar Airport
CLE	Cleveland	United States	Cleveland Hopkins International Airport
CLJ	Cluj-Napoca	Romania	Avram Iancu Cluj International Airport
CLL	College Station	United States	Easterwood Field
CLO	Cali	Colombia	Alfonso Bonilla Aragon International Airport
CLP	Clarks Point	United States	Clarks Point Airport
CLQ	Colima	Mexico	Licenciado Miguel de la Madrid International Airport
CLT	Charlotte	United States	Charlotte Douglas International Airport
CLV	Caldas Novas	Brazil	Nelson Ribeiro Guimarães Airport
CLY	Calvi	France	Calvi Sainte Catherine Airport
CMA		Australia	Cunnamulla Airport
CMB	Colombo	Sri Lanka	Bandaranaike International Colombo Airport
CME	Ciudad del Carmen	Mexico	Ciudad del Carmen International Airport
CMF	Chambéry	France	Chambéry Aix les Bains airport
CMG	Corumbá	Brazil	Corumbá International Airport
CMH	Columbus	United States	John Glenn Columbus International Airport
CMI	Savoy	United States	University of Illinois Willard Airport
CMN	Casablanca	Morocco	Mohammed V International Airport
CMU	Kundiawa	Papua New Guinea	Chimbu Airport
CMW	Camaguey	Cuba	Ignacio Agramonte International Airport
CMX	Hancock	United States	Houghton County Memorial Airport
CNB		Australia	Coonamble Airport
CNC		Australia	Coconut Island Airport
CND	Constanța	Romania	Mihail Kogălniceanu International Airport
CNF	Belo Horizonte	Brazil	Tancredo Neves International Airport
CNI	Dalian (Changhai)	China	Changhai Dachangshandao Airport
CNJ	Cloncurry	Australia	Cloncurry Airport
CNM	Carlsbad	United States	Cavern City Air Terminal
CNN	Kannur	India	Kannur International Airport
CNP	Neerlerit Inaat	Greenland	Neerlerit Inaat Airport
CNQ	Corrientes	Argentina	Corrientes Airport
CNS	Cairns	Australia	Cairns International Airport
CNX	Chiang Mai	Thailand	Chiang Mai International Airport
CNY	Moab	United States	Canyonlands Regional Airport
COD	Cody	United States	Yellowstone Regional Airport
COK	Kochi	India	Cochin International Airport
COL	Coll Island	United Kingdom	Coll Airport
COO	Cotonou	Benin	Cotonou Cadjehoun International Airport
COQ		Mongolia	Choibalsan Airport
COR	Cordoba	Argentina	Ingeniero Aeronáutico Ambrosio L.V. Taravella International Airport
COS	Colorado Springs	United States	City of Colorado Springs Municipal Airport
COU	Columbia	United States	Columbia Regional Airport
COV	Tarsus	Turkey	Çukurova International Airport
CPC	Chapelco/San Martin de los Andes	Argentina	Aviador C. Campos Airport
CPD	Coober Pedy	Australia	Coober Pedy Airport
CPE	Campeche	Mexico	Ingeniero Alberto Acuña Ongay International Airport
CPH	Copenhagen	Denmark	Copenhagen Kastrup Airport
CPO	Copiapo	Chile	Desierto de Atacama Airport
CPR	Casper	United States	Casper-Natrona County International Airport
CPT	Cape Town	South Africa	Cape Town International Airport
CPV	Campina Grande	Brazil	Presidente João Suassuna Airport
CPX	Culebra	Puerto Rico	Benjamin Rivera Noriega Airport
CQW	Wulong	China	Chongqing Xiannüshan Airport
CRA	Craiova	Romania	Craiova International Airport
CRD	Comodoro Rivadavia	Argentina	General Enrique Mosconi International Airport
CRI	Colonel Hill	Bahamas	Colonel Hill Airport
CRK	Mabalacat	Philippines	Clark International Airport / Clark Air Base
CRL	Charleroi	Belgium	Brussels South Charleroi Airport
CRM	Catarman	Philippines	Catarman National Airport
CRP	Corpus Christi	United States	Corpus Christi International Airport
CRU	Carriacou Island	Grenada	Lauriston Airport
CRV	Isola di Capo Rizzuto (KR)	Italy	Crotone Sant'Anna Pythagoras Airport
CRW	Charleston	United States	Yeager Airport
CRZ	Türkmenabat	Turkmenistan	Türkmenabat International Airport
CSA	Colonsay	United Kingdom	Colonsay Airstrip
CSG	Columbus	United States	Columbus Airport
CSH	Solovetsky Islands	Russia	Solovki Airport
CSK	Cap Skirring	Senegal	Cap Skirring Airport
CSW	Cabo San Lucas	Mexico	Cabo San Lucas International Airport
CSX	Changsha (Changsha)	China	Changsha Huanghua International Airport
CSY	Cheboksary	Russia	Cheboksary Airport
CTA	Catania	Italy	Catania-Fontanarossa Airport
CTC	Catamarca	Argentina	Coronel Felipe Varela International Airport
CTD	Chitré	Panama	Alonso Valderrama Airport
CTG	Cartagena	Colombia	Rafael Nuñez International Airport
CTL	Charleville	Australia	Charleville Airport
CTM	Chetumal	Mexico	Chetumal International Airport
CTN		Australia	Cooktown Airport
CTS	Sapporo	Japan	New Chitose Airport
CTU	Chengdu (Shuangliu)	China	Chengdu Shuangliu International Airport
CUA	Comondú	Mexico	Ciudad Constitución National Airport
CUC	Cúcuta	Colombia	Camilo Daza International Airport
CUE	Cuenca	Ecuador	Mariscal Lamar Airport
CUF	Levaldigi (CN)	Italy	Cuneo International Airport
CUK	Caye Caulker	Belize	Caye Caulker Airport
CUL	Culiacán	Mexico	Bachigualato Federal International Airport
CUM	Cumaná	Venezuela	Antonio José de Sucre Airport
CUN	Cancún	Mexico	Cancún International Airport
CUP	Carúpano	Venezuela	General Francisco Bermúdez Airport
CUQ	Coen	Australia	Coen Airport
CUR	Willemstad	Curaçao	Hato International Airport
CUU	Chihuahua	Mexico	General Roberto Fierro Villalobos International Airport
CUZ	Cusco	Peru	Alejandro Velasco Astete International Airport
CVG	Cincinnati / Covington	United States	Cincinnati Northern Kentucky International Airport
CVM	Ciudad Victoria	Mexico	General Pedro Jose Mendez International Airport
CVN	Clovis	United States	Clovis Municipal Airport
CVQ	Carnarvon	Australia	Carnarvon Airport
CVU	Corvo	Portugal	Corvo Airport
CWA	Mosinee	United States	Central Wisconsin Airport
CWB	Curitiba	Brazil	Curitiba-Afonso Pena International Airport
CWC	Chernivtsi	Ukraine	Chernivtsi International Airport
CWJ	Lincang (Cangyuan)	China	Cangyuan Washan Airport
CWL	Cardiff	United Kingdom	Cardiff International Airport
CWS	Center Island	United States	Center Island Airport
CXB	Cox's Bazar	Bangladesh	Cox's Bazar Airport
CXH	Vancouver	Canada	Vancouver Harbour Water Aerodrome
CXI	Kiritimati	Kiribati	Cassidy International Airport
CXJ	Caxias Do Sul	Brazil	Hugo Cantergiani Regional Airport
CXP	Cilacap	Indonesia	Tunggul Wulung Airport
CXR	Nha Trang/nha Trang aiurportCam Ranh	Vietnam	Cam Ranh International Airport / Cam Ranh Air Base
CYA	Les Cayes	Haiti	Antoine-Simon International Airport
CYB	West End	Cayman Islands	Charles Kirkconnell International Airport
CYC	Caye Chapel	Belize	Caye Chapel Airport
CYF	Chefornak	United States	Chefornak Airport
CYI	Shuishang	Taiwan	Chiayi Airport
CYM	Chatham	United States	Chatham Seaplane Base
CYO	Cayo Largo del Sur	Cuba	Vilo Acuña International Airport
CYP	Calbayog City	Philippines	Calbayog Airport
CYS	Cheyenne	United States	Cheyenne Regional Jerry Olson Field
CYT	Yakataga	United States	Yakataga Airport
CYU	Cuyo	Philippines	Cuyo Airport
CYX	Cherskiy	Russia	Cherskiy Airport
CYZ	Cauayan City	Philippines	Cauayan Airport
CZE	Coro	Venezuela	José Leonardo Chirinos Airport
CZH	Corozal	Belize	Corozal Airport
CZL	Constantine	Algeria	Mohamed Boudiaf International Airport
CZM	Cozumel	Mexico	Cozumel International Airport
CZS	Cruzeiro Do Sul	Brazil	Cruzeiro do Sul Airport
CZU	Corozal	Colombia	Las Brujas Airport
CZX	Changzhou	China	Changzhou Benniu International Airport
DAB	Daytona Beach	United States	Daytona Beach International Airport
DAC	Dhaka	Bangladesh	Hazrat Shahjalal International Airport
DAD	Da Nang	Vietnam	Da Nang International Airport
DAL	Dallas	United States	Dallas Love Field
DAM	Damascus	Syria	Damascus International Airport
DAR	Dar es Salaam	Tanzania	Julius Nyerere International Airport
DAT	Datong	China	Datong Yungang International Airport
DAU	Daru	Papua New Guinea	Daru Airport
DAV	David	Panama	Enrique Malek International Airport
DAX	Dazhou (Daxian)	China	Dachuan Airport
DAY	Dayton	United States	James M. Cox Dayton International Airport
DBA	Dalbandin	Pakistan	Dalbandin Airport
DBB	El Alamein	Egypt	El Alamein International Airport
DBC	Baicheng	China	Baicheng Chang'an Airport
DBM	Debre Markos	Ethiopia	Debre Markos Airport
DBO	Dubbo	Australia	Dubbo City Regional Airport
DBQ	Dubuque	United States	Dubuque Regional Airport
DBR	Darbhanga	India	Darbhanga Airport
DBV	Dubrovnik	Croatia	Dubrovnik Ruđer Bošković Airport
DCA	Washington	United States	Ronald Reagan Washington National Airport
DCF	Canefield	Dominica	Canefield Airport
DCM	Castres	France	Castres Mazamet Airport
DCY	Garzê (Daocheng)	China	Daocheng Yading Airport
DDC	Dodge City	United States	Dodge City Regional Airport
DDG	Dandong (Zhenxing)	China	Dandong Langtou International Airport
DDR	Xigazê (Dingri)	China	Shigatse Tingri Airport
DEA	Dera Ghazi Khan	Pakistan	Dera Ghazi Khan Airport
DEB	Debrecen	Hungary	Debrecen International Airport
DEC	Decatur	United States	Decatur Airport
DED	Dehradun (Jauligrant)	India	Dehradun Jolly Grant Airport
DEE	Yuzhno-Kurilsk	Russia	Yuzhno-Kurilsk Mendeleyevo Airport
DEF	Dezful	Iran	Dezful Airport
DEL	New Delhi	India	Indira Gandhi International Airport
DEM	Dembidollo	Ethiopia	Dembidollo Airport
DEN	Denver	United States	Denver International Airport
DEX	Dekai	Indonesia	Nop Goliat Dekai Airport
DFW	Dallas-Fort Worth	United States	Dallas Fort Worth International Airport
DGA	Dangriga	Belize	Dangriga Airport
DGH	Deoghar	India	Deoghar Airport
DGO	Durango	Mexico	General Guadalupe Victoria International Airport
DGT	Dumaguete City	Philippines	Sibulan Airport
DHB	Deer Harbor	United States	Deer Harbor SPB
DHM	Kangra	India	Kangra Airport
DHN	Dothan	United States	Dothan Regional Airport
DHX	Kediri	Indonesia	Dhoho International Airport
DIA	Doha	Qatar	Doha International Airport
DIB	Dibrugarh	India	Dibrugarh Airport
DIE	Antisiranana	Madagascar	Arrachart Airport
DIG	Diqing (Shangri-La)	China	Diqing Shangri-La Airport
DIJ	Dijon	France	Dijon Longvic airport
DIK	Dickinson	United States	Dickinson Theodore Roosevelt Regional Airport
DIL	Dili	Timor-Leste	Presidente Nicolau Lobato International Airport
DIN	Dien Bien Phu	Vietnam	Dien Bien Phu Airport
DIO	Diomede	United States	Diomede Heliport
DIR	Dire Dawa	Ethiopia	Aba Tenna Dejazmach Yilma International Airport
DIU	Diu	India	Diu Airport
DIY	Diyarbakır	Turkey	Diyarbakır Airport
DJB	Jambi	Indonesia	Sultan Thaha Airport
DJE	Mellita	Tunisia	Djerba Zarzis International Airport
DJG	Djanet	Algeria	Tiska Djanet Airport
DJJ	Sentani	Indonesia	Dortheys Hiyo Eluay International Airport
DKA	Katsina	Nigeria	Umaru Musa Yar'adua Airport
DKR	Dakar	Senegal	Léopold Sédar Senghor International Airport
DLA	Douala	Cameroon	Douala International Airport
DLC	Dalian (Ganjingzi)	China	Dalian Zhoushuizi International Airport
DLE	Dole	France	Dole Tavaux Airport
DLG	Dillingham	United States	Dillingham Airport
DLH	Duluth	United States	Duluth International Airport
DLI	Da Lat	Vietnam	Lien Khuong Airport
DLM	Dalaman	Turkey	Dalaman International Airport
DLR	Dalnerechensk	Russia	Dalnerechensk Airport
DLU	Dali (Xiaguan)	China	Dali Fengyi Airport
DLZ	Dalanzadgad	Mongolia	Dalanzadgad Airport
DMB	Taraz	Kazakhstan	Taraz International Airport
DMD		Australia	Doomadgee Airport
DME	Moscow	Russia	Domodedovo International Airport
DMK	Bangkok	Thailand	Don Mueang International Airport
DMM	Ad Dammam	Saudi Arabia	King Fahd International Airport
DMU	Dimapur	India	Dimapur Airport
DND	Dundee	United Kingdom	Dundee Airport
DNH	Dunhuang	China	Dunhuang Mogao International Airport
DNK	Dnipro	Ukraine	Dnipro International Airport
DNR	Dinard	France	Dinard Pleurtuit Saint-Malo airport
DNZ	Denizli	Turkey	Çardak Airport
DOD	Dodoma	Tanzania	Dodoma Airport
DOG	Dongola	Sudan	Dongola Airport
DOH	Doha	Qatar	Hamad International Airport
DOL	Deauville	France	Deauville Normandie airport
DOM	Marigot	Dominica	Douglas-Charles Airport
DOP	Dolpa	Nepal	Dolpa Airport
DOV	Dover	United States	Dover Civil Air Terminal/Dover Air Force Base
DOY	Dongying (Kenli)	China	Dongying Shengli Airport
DPL	Dipolog	Philippines	Dipolog Airport
DPO	Devonport	Australia	Devonport Airport
DPS	Kuta, Badung	Indonesia	Denpasar I Gusti Ngurah Rai International Airport
DPT	Deputatskiy	Russia	Deputatskiy Airport
DQA	Daqing	China	Daqing Sartu Airport
DQM	Duqm	Oman	Duqm International Airport
DRG	Deering	United States	Deering Airport
DRJ	Drietabbetje	Suriname	Drietabbetje Airport
DRO	Durango	United States	Durango La Plata County Airport
DRP	Legazpi	Philippines	Bicol International Airport
DRS	Dresden	Germany	Dresden Airport
DRV	Baa Atoll	Maldives	Dharavandhoo Airport
DRW	Darwin	Australia	Darwin International Airport / RAAF Darwin
DSD	Grande Anse	Guadeloupe	La Désirade Airport
DSE	Dessie	Ethiopia	Kombolcha Airport
DSI	Destin	United States	Destin Executive Airport
DSM	Des Moines	United States	Des Moines International Airport
DSN	Ordos	China	Ordos Ejin Horo International Airport
DSO	Sŏndŏng-ni	North Korea	Sondok Airport
DSS	Dakar	Senegal	Blaise Diagne International Airport
DSY	Ta Noun	Cambodia	Dara Sakor International Airport
DTB	Siborong-Borong	Indonesia	Silangit Airport
DTD	Datadawai-Borneo Island	Indonesia	Datadawai Airport
DTM	Dortmund	Germany	Dortmund Airport
DTR	Decatur	United States	Decatur Shores Airport
DTU	Heihe	China	Wudalianchi Dedu Airport
DTW	Detroit	United States	Detroit Metropolitan Wayne County Airport
DUB	Dublin	Ireland	Dublin Airport
DUD	Dunedin	New Zealand	Dunedin International Airport
DUE	Chitato	Angola	Dundo Airport
DUJ	Dubois	United States	DuBois Regional Airport
DUM	Dumai	Indonesia	Pinang Kampai Airport
DUR	Durban	South Africa	King Shaka International Airport
DUS	Düsseldorf	Germany	Düsseldorf Airport
DUT	Unalaska	United States	Tom Madsen (Dutch Harbor) Airport
DVL	Devils Lake	United States	Devils Lake Regional Airport
DVO	Davao	Philippines	Francisco Bangoy International Airport
DWB	Soalala	Madagascar	Soalala Airport
DWC	Dubai(Jebel Ali)	United Arab Emirates	Al Maktoum International Airport
DWD	Dawadmi	Saudi Arabia	Dawadmi Domestic Airport
DWO	Sri Jayawardenepura Kotte	Sri Lanka	Diyawanna Oya Seaplane Base
DXB	Dubai	United Arab Emirates	Dubai International Airport
DXJ	Xiangxi	China	Xiangxi Biancheng Airport
DXN	Gautam Buddha Nagar	India	Noida International Airport
DYG	Zhangjiajie (Yongding)	China	Zhangjiajie Hehua International Airport
DYR	Anadyr	Russia	Ugolny Yuri Ryktheu Airport
DYU	Dushanbe	Tajikistan	Dushanbe International Airport
DZA	Dzaoudzi	Mayotte	Dzaoudzi Pamandzi International Airport
DZH	Dazhou (Dachuan)	China	Dazhou Jinya Airport
DZN	Zhezkazgan	Kazakhstan	Zhezkazgan National Airport
EAA	Eagle	United States	Eagle Airport
EAM	Najran	Saudi Arabia	Najran Domestic Airport
EAR	Kearney	United States	Kearney Regional Airport
EAS	Hondarribia	Spain	San Sebastián Airport
EAT	Wenatchee	United States	Pangborn Memorial Airport
EAU	Eau Claire	United States	Chippewa Valley Regional Airport
EAX	Kwatta	Suriname	Eduard Alexander Gummels Airport
EBA	Campo nell'Elba (LI)	Italy	Marina di Campo Airport
EBB	Entebbe	Uganda	Entebbe International Airport
EBD	El-Obeid	Sudan	El-Obeid Airport
EBH	El Bayadh	Algeria	El Bayadh Airport
EBJ	Esbjerg	Denmark	Esbjerg Airport
EBL	Arbil	Iraq	Erbil International Airport
ECN	Tymbou (Kirklar)	Cyprus	Ercan International Airport
ECP	Panama City Beach	United States	Northwest Florida Beaches International Airport
EDA	Edna Bay	United States	Edna Bay Seaplane Base
EDI	Ingliston, Edinburgh	United Kingdom	Edinburgh Airport
EDL	Eldoret	Kenya	Eldoret International Airport
EDO	Edremit	Turkey	Balıkesir Koca Seyit Airport
EDR	Pormpuraaw	Australia	Pormpuraaw Airport
EEK	Eek	United States	Eek Airport
EFL	Kefallinia Island	Greece	Kefallinia Airport
EGC	Bergerac	France	Bergerac Dordogne-Périgord airport
EGE	Eagle	United States	Eagle County Regional Airport
EGO	Belgorod	Russia	Belgorod International Airport
EGS	Egilsstaðir	Iceland	Egilsstaðir Airport
EGX	Egegik	United States	Egegik Airport
EHU	Ezhou	China	Ezhou Huahu International Airport
EIE	Yeniseysk	Russia	Yeniseysk Airport
EIN	Eindhoven	Netherlands	Eindhoven Airport
EIS	Beef Island	British Virgin Islands	Terrance B. Lettsome International Airport
EJA	Barrancabermeja	Colombia	Yariguíes Airport
EJH	Al Wajh	Saudi Arabia	Al Wajh Domestic Airport
EJT	Enejit Island	Marshall Islands	Enejit Airport
EKO	Elko	United States	Elko Regional Airport
EKS	Shakhtyorsk	Russia	Shakhtyorsk Airport
ELC	Elcho Island	Australia	Elcho Island Airport
ELD	El Dorado	United States	South Arkansas Regional Airport at Goodwin Field
ELF	El Fasher	Sudan	El Fasher Airport
ELG	El Menia	Algeria	El Golea Airport
ELH	North Eleuthera	Bahamas	North Eleuthera Airport
ELI	Elim	United States	Elim Airport
ELM	Elmira/Corning	United States	Elmira Corning Regional Airport
ELP	El Paso	United States	El Paso International Airport
ELQ	Qassim	Saudi Arabia	Prince Naif bin Abdulaziz International Airport
ELS	East London	South Africa	King Phalo Airport
ELU	Guemar	Algeria	Guemar Airport - مطار قمار بالوادي
ELV	Elfin Cove	United States	Elfin Cove Seaplane Base
EMA	Nottingham, Leicestershire	United Kingdom	East Midlands Airport
EMD	Emerald	Australia	Emerald Airport
EME	Emden	Germany	Emden Airport
EMK	Emmonak	United States	Emmonak Airport
ENA	Kenai	United States	Kenai Municipal Airport
ENE	Ende	Indonesia	H. Hasan Aroeboesman (Ende) Airport
ENF	Enontekio	Finland	Enontekio Airport
ENH	Enshi (Enshi)	China	Enshi Xujiaping Airport
ENI	El Nido	Philippines	El Nido Airport
ENO	Encarnación	Paraguay	Teniente Ramon A. Ayub Gonzalez International Airport
ENT	Eniwetok Atoll	Marshall Islands	Eniwetok Airport
ENU	Enegu	Nigeria	Akanu Ibiam International Airport
ENY	Yan'an (Baota)	China	Yan'an Nanniwan Airport
EOH	Medellín	Colombia	Enrique Olaya Herrera Airport
EOI	Eday	United Kingdom	Eday Airport
EPR	Esperance	Australia	Esperance Airport
EPU	Pärnu	Estonia	Pärnu Airport
EQS	Esquel	Argentina	Esquel Brigadier Antonio Parodi International Airport
ERC	Erzincan	Turkey	Erzincan Airport
ERF	Erfurt	Germany	Erfurt-Weimar Airport
ERH	Errachidia	Morocco	Moulay Ali Cherif Airport
ERI	Erie	United States	Erie International Tom Ridge Field
ERL	Erenhot	China	Erenhot Saiwusu International Airport
ERS	Windhoek	Namibia	Eros Airport
ERZ	Erzurum	Turkey	Erzurum International Airport
ESB	Ankara	Turkey	Esenboğa International Airport
ESC	Escanaba	United States	Delta County Airport
ESD	Eastsound	United States	Orcas Island Airport
ESL	Elista	Russia	Elista Airport
ESM	Tachina	Ecuador	Carlos Concha Torres International Airport
ESR	El Salvador	Chile	Ricardo García Posada Airport
ESU	Essaouira	Morocco	Essaouira-Mogador Airport
ETM	Eilat	Israel	Ramon International Airport
ETR	Santa Rosa	Ecuador	Santa Rosa - Artillery Colonel Victor Larrea International Airport
ETZ	Goin	France	Metz-Nancy-Lorraine Airport
EUA	Eua Island	Tonga	Kaufana Airport
EUG	Eugene	United States	Eugene Airport
EUN	El Aaiún	Western Sahara (disputed territory)	Laayoune Hassan I International Airport
EUX	Oranjestad	Caribbean Netherlands	F. D. Roosevelt Airport
EVE	Evenes	Norway	Harstad/Narvik Airport
EVG	Sveg	Sweden	Sveg Airport
EVN	Yerevan	Armenia	Zvartnots International Airport
EVV	Evansville	United States	Evansville Regional Airport
EWB	New Bedford	United States	New Bedford Regional Airport
EWN	New Bern	United States	Coastal Carolina Regional Airport
EWR	Newark	United States	Newark Liberty International Airport
EXI	Excursion Inlet	United States	Excursion Inlet Seaplane Base
EXT	Exeter, Devon	United Kingdom	Exeter International Airport
EYK		Russia	Beloyarskiy Airport
EYP	Yopal	Colombia	El Alcaravan - Yopal Airport
EYW	Key West	United States	Key West International Airport
EZE	Buenos Aires (Ezeiza)	Argentina	Ezeiza International Airport - Ministro Pistarini
EZS	Elazığ	Turkey	Elazığ Airport
FAE	Vágar	Faroe Islands	Vágar Airport
FAI	Fairbanks	United States	Fairbanks International Airport
FAO	Faro	Portugal	Faro - Gago Coutinho International Airport
FAR	Fargo	United States	Hector International Airport
FAT	Fresno	United States	Fresno Yosemite International Airport
FAV		French Polynesia	Fakarava Airport
FAY	Fayetteville	United States	Fayetteville Regional Airport - Grannis Field
FBD	Fayzabad	Afghanistan	Fayzabad Airport
FBE	Francisco Beltrão	Brazil	Paulo Abdala Airport
FBM	Lubumbashi	Democratic Republic of the Congo	Lubumbashi International Airport
FBS	Friday Harbor	United States	Friday Harbor Seaplane Base
FCA	Kalispell	United States	Glacier Park International Airport
FCN	Wurster Nordseeküste	Germany	Sea-Airport Cuxhaven/Nordholz / Nordholz Naval Airbase
FCO	Rome	Italy	Rome–Fiumicino Leonardo da Vinci International Airport
FDE	Førde	Norway	Førde Airport, Bringeland
FDF	Fort-de-France	Martinique	Martinique Aimé Césaire International Airport
FDH	Friedrichshafen	Germany	Bodensee Airport Friedrichshafen
FDU	Bandundu	Democratic Republic of the Congo	Bandundu Airport
FEG	Fergana	Uzbekistan	Fergana International Airport
FEN	Fernando de Noronha	Brazil	Fernando de Noronha Airport
FEZ	Saïss	Morocco	Fes Saïss International Airport
FGU	Fangatau	French Polynesia	Fangatau Airport
FHZ	Fakahina	French Polynesia	Fakahina Airport
FIE	Fair Isle	United Kingdom	Fair Isle Airport
FIH	Kinshasa	Democratic Republic of the Congo	Ndjili International Airport
FIZ		Australia	Fitzroy Crossing Airport
FJR	Fujairah	United Arab Emirates	Fujairah International Airport
FKB	Rheinmünster	Germany	Karlsruhe Baden-Baden Airport
FKI	Kisangani	Democratic Republic of the Congo	Bangoka International Airport
FKQ	Fakfak	Indonesia	Fakfak Airport
FKS	Sukagawa	Japan	Fukushima Airport
FLA	Florencia	Colombia	Gustavo Artunduaga Paredes Airport
FLG	Flagstaff	United States	Flagstaff Pulliam Airport
FLL	Fort Lauderdale	United States	Fort Lauderdale Hollywood International Airport
FLN	Florianópolis	Brazil	Hercílio Luz International Airport
FLO	Florence	United States	Florence Regional Airport
FLR	Firenze (FI)	Italy	Florence Airport, Peretola
FLS	Whitemark	Australia	Flinders Island Airport
FLW	Santa Cruz das Flores	Portugal	Flores Airport
FLZ	Sibolga (Pinangsori)	Indonesia	Dr. Ferdinand Lumban Tobing Airport
FMA	Formosa	Argentina	Formosa National Airport
FMI	Kalemie	Democratic Republic of the Congo	Kalemie Airport
FMM	Memmingen	Germany	Memmingen Allgau Airport
FMO	Greven	Germany	Münster Osnabrück Airport
FMT	Faresmaathodaa	Maldives	Faresmaathoda Airport
FNA	Freetown (Lungi-Town)	Sierra Leone	Lungi International Airport
FNC	Funchal	Portugal	Cristiano Ronaldo International Airport
FND	Funadhoo	Maldives	Funadhoo Airport
FNI	Nîmes/Garons	France	Nîmes-Arles-Camargue Airport
FNJ	Pyongyang	North Korea	Pyongyang Sunan International Airport
FNR	Funter Bay	United States	Funter Bay Seaplane Base
FNT	Flint	United States	Bishop International Airport
FOA	Foula	United Kingdom	Foula Airfield
FOC	Fuzhou (Changle)	China	Fuzhou Changle International Airport
FOD	Fort Dodge	United States	Fort Dodge Regional Airport
FOG	Foggia (FG)	Italy	Foggia Gino Lisa Airport
FON	La Fortuna	Costa Rica	La Fortuna Arenal Airport
FOR	Fortaleza	Brazil	Pinto Martins International Airport
FPO	Freeport	Bahamas	Grand Bahama International Airport
FRA	Frankfurt am Main	Germany	Frankfurt Main Airport
FRD	Friday Harbor	United States	Friday Harbor Airport
FRE	Fera Island	Solomon Islands	Fera/Maringe Airport
FRL	Forlì (FC)	Italy	Forlì-Luigi Ridolfi International Airport
FRO	Florø	Norway	Florø Airport
FRS	San Benito	Guatemala	Mundo Maya International Airport
FRW	Francistown	Botswana	Phillip Gaonwe Matante International Airport
FSC	Figari	France	Figari Sud-Corse Airport
FSD	Sioux Falls	United States	Sioux Falls Regional Airport
FSH	Singkil	Indonesia	Syekh Hamzah Fansyuri Airport
FSM	Fort Smith	United States	Fort Smith Regional Airport
FSP	Saint-Pierre	Saint Pierre and Miquelon	Saint-Pierre Pointe-Blanche Airport
FSZ	Makinohara / Shimada	Japan	Mount Fuji Shizuoka Airport
FTA	Futuna Island	Vanuatu	Futuna Airport
FTE	El Calafate	Argentina	El Calafate - Commander Armando Tola International Airport
FTI	Fitiuta Village	American Samoa	Fitiuta Airport
FTU	Tôlanaro	Madagascar	Tôlanaro Airport
FTW	Fort Worth	United States	Fort Worth Meacham International Airport
FUE	El Matorral	Spain	Fuerteventura Airport
FUG	Yingzhou, Fuyang	China	Fuyang Xiguan Airport
FUJ	Goto	Japan	Fukue Airport
FUK	Fukuoka	Japan	Fukuoka Airport
FUN	Funafuti	Tuvalu	Funafuti International Airport
FUO	Foshan (Nanhai)	China	Foshan Shadi Airport
FUT	Futuna Island	Wallis and Futuna	Pointe Vele Airport
FWA	Fort Wayne	United States	Fort Wayne International Airport
FYJ	Fuyuan	China	Fuyuan Dongji Airport
FYN	Fuyun	China	Fuyun Koktokay Airport
FYU	Fort Yukon	United States	Fort Yukon Airport
GAJ	Higashine	Japan	Yamagata Airport
GAL	Galena	United States	Edward G. Pitka Sr Airport
GAM	Gambell	United States	Gambell Airport
GAN	Gan	Maldives	Gan International Airport
GAQ	Gao	Mali	Gao International Airport
GAU	Guwahati	India	Lokpriya Gopinath Bordoloi International Airport
GAX	Gamba	Gabon	Gamba Airport
GAY	Gaya	India	Gaya Airport
GBB	Gabala	Azerbaijan	Gabala International Airport
GBE	Gaborone	Botswana	Sir Seretse Khama International Airport
GBI	Kalaburagi	India	Kalaburagi Airport
GBJ	Grand-Bourg	Guadeloupe	Marie-Galante Airport
GBZ	Claris	New Zealand	Great Barrier Aerodrome
GCC	Gillette	United States	Northeast Wyoming Regional Airport
GCH	Gachsaran	Iran	Gachsaran Airport
GCI	Saint Peter Port	Guernsey	Guernsey Airport
GCK	Garden City	United States	Garden City Regional Airport
GCM	George Town	Cayman Islands	Owen Roberts International Airport
GCN	Grand Canyon - Tusayan	United States	Grand Canyon National Park Airport
GDB	Gondia	India	Gondia Airport
GDE	Gode	Ethiopia	Gode Airport
GDL	Guadalajara	Mexico	Guadalajara International Airport
GDN	Gdańsk	Poland	Gdańsk Lech Wałęsa Airport
GDQ	Azezo	Ethiopia	Gondar Airport
GDT	Cockburn Town	Turks and Caicos Islands	JAGS McCartney International Airport
GDV	Glendive	United States	Dawson Community Airport
GDX	Magadan	Russia	Sokol Airport
GDZ	Gelendzhik	Russia	Gelendzhik Airport
GEA	Nouméa	New Caledonia	Nouméa Magenta Airport
GEG	Spokane	United States	Spokane International Airport
GEL	Santo Ângelo	Brazil	Santo Ângelo Airport
GEM	Mengomeyén	Equatorial Guinea	President Obiang Nguema International Airport
GEO	Georgetown	Guyana	Cheddi Jagan International Airport
GER	Nueva Gerona	Cuba	Rafael Cabrera Airport
GES	General Santos	Philippines	General Santos International Airport
GET	Moonyoonooka	Australia	Geraldton Airport
GEV	Gällivare	Sweden	Gällivare Airport
GFF	Griffith	Australia	Griffith Airport
GFK	Grand Forks	United States	Grand Forks International Airport
GGF	Almeirim	Brazil	Almeirim Airport
GGG	Longview	United States	East Texas Regional Airport
GGJ	Guaíra	Brazil	Guaíra Airport
GGR	Garowe	Somalia	Garowe Airport
GGS	Gobernador Gregores	Argentina	Gobernador Gregores Airport
GGT	Moss Town	Bahamas	Exuma International Airport
GGW	Glasgow	United States	Glasgow Valley County Airport Wokal Field
GHA	El Atteuf	Algeria	Noumérat - Moufdi Zakaria Airport
GHB	Governor's Harbour	Bahamas	Governor's Harbour Airport
GHV	Brașov (Ghimbav)	Romania	Brașov-Ghimbav International Airport
GIB	Gibraltar	Gibraltar	Gibraltar Airport
GIC	Boigu Island	Australia	Boigu Island Airport
GID	Gitega	Burundi	Gitega Airport
GIG	Rio De Janeiro	Brazil	Rio Galeão – Tom Jobim International Airport
GIL	Gilgit	Pakistan	Gilgit Airport
GIS	Gisborne	New Zealand	Gisborne Airport
GIZ	Jizan	Saudi Arabia	Jizan Regional Airport / King Abdullah bin Abdulaziz Airport
GJA	Guanaja	Honduras	La Laguna Airport
GJL	Tahir	Algeria	Jijel Ferhat Abbas Airport
GJT	Grand Junction	United States	Grand Junction Regional Airport
GKA	Goronka	Papua New Guinea	Goroka Airport
GKK	Huvadhu Atoll	Maldives	Kooddoo Airport
GKN	Gulkana	United States	Gulkana Airport
GLA	Glasgow	United Kingdom	Glasgow Airport
GLF	Golfito	Costa Rica	Golfito Airport
GLH	Greenville	United States	Mid Delta Regional Airport
GLK	Galcaio	Somalia	Galcaio Airport
GLT	Gladstone	Australia	Gladstone Airport
GLV	Golovin	United States	Golovin Airport
GMA	Gemena	Democratic Republic of the Congo	Gemena Airport
GMB	Gambela	Ethiopia	Gambela Airport
GME	Gomel	Belarus	Gomel Airport
GMI	Gasmata Island	Papua New Guinea	Gasmata Island Airport
GMO	Gombe	Nigeria	Gombe Lawanti International Airport
GMP	Seoul	South Korea	Seoul Gimpo International Airport
GMQ	Golog (Maqên)	China	Golog Maqên Airport
GMR		French Polynesia	Totegegie Airport
GMZ	Alajero, La Gomera Island	Spain	La Gomera Airport
GNB	Grenoble	France	Grenoble Alpes Isère Airport
GND	Saint George's	Grenada	Maurice Bishop International Airport
GNJ	Ganja	Azerbaijan	Ganja International Airport
GNS	Gunungsitoli	Indonesia	Binaka Airport
GNU	Goodnews	United States	Goodnews Airport
GNV	Gainesville	United States	Gainesville Regional Airport
GNY	Şanlıurfa	Turkey	Şanlıurfa GAP Airport
GOA	Genova (GE)	Italy	Genoa Cristoforo Colombo Airport
GOH	Nuuk	Greenland	Nuuk International Airport
GOI	Vasco da Gama	India	Goa Dabolim International Airport
GOJ	Nizhny Novgorod	Russia	Nizhny Novgorod / Strigino International Airport
GOM	Goma	Democratic Republic of the Congo	Goma International Airport
GOP	Gorakhpur	India	Gorakhpur Airport
GOQ	Golmud	China	Golmud Airport
GOT	Göteborg	Sweden	Göteborg Landvetter Airport
GOU	Garoua	Cameroon	Garoua International Airport
GOV	Nhulunbuy	Australia	Gove Airport
GOX	Mopa	India	Manohar International Airport
GOY	Tura	Russia	Tura Mountain Airport
GPA	Patras	Greece	Patras Araxos Agamemnon Airport
GPI	Guapi	Colombia	Guapi Airport
GPS	Isla Baltra	Ecuador	Seymour Galapagos Ecological Airport
GPT	Gulfport	United States	Gulfport Biloxi International Airport
GRB	Green Bay	United States	Austin Straubel International Airport
GRI	Grand Island	United States	Central Nebraska Regional Airport
GRJ	George	South Africa	George Airport
GRK	Fort Cavazos	United States	Killeen Regional Airport / Robert Gray Army Airfield
GRO	Girona	Spain	Girona-Costa Brava Airport
GRQ	Groningen	Netherlands	Groningen Airport Eelde
GRR	Grand Rapids	United States	Gerald R. Ford International Airport
GRU	São Paulo	Brazil	São Paulo/Guarulhos–Governor André Franco Montoro International Airport
GRV	Grozny	Russia	Akhmat Kadyrov Grozny International Airport
GRW	Santa Cruz da Graciosa	Portugal	Graciosa Airport
GRX	Granada	Spain	F.G.L. Airport Granada-Jaén Airport
GRY	Grímsey/Sandvík	Iceland	Grímsey Airport
GRZ	Feldkirchen bei Graz	Austria	Graz Airport
GSM	Qeshm(Dayrestan)	Iran	Qeshm International Airport
GSO	Greensboro	United States	Piedmont Triad International Airport
GSP	Greenville/Greer/Spartanburg	United States	Greenville-Spartanburg International Airport
GST	Gustavus	United States	Gustavus Airport
GSV	Saratov	Russia	Gagarin International Airport
GTA	Gatokae	Solomon Islands	Gatokae Aerodrome
GTE	Groote Eylandt	Australia	Groote Eylandt Airport
GTF	Great Falls	United States	Great Falls International Airport
GTO	Gorontalo	Indonesia	Jalaluddin Airport
GTR	Columbus/W Point/Starkville	United States	Golden Triangle Regional Airport
GUA	Guatemala City	Guatemala	La Aurora International Airport
GUB	San Quintín	Mexico	Guerrero Negro Airport
GUC	Gunnison	United States	Gunnison Crested Butte Regional Airport
GUM	Hagåtña	Guam	Antonio B. Won Pat International Airport
GUP	Gallup	United States	Gallup Municipal Airport
GUR	Gurney	Papua New Guinea	Gurney Airport
GUW	Atyrau	Kazakhstan	Atyrau International Airport
GUZ	Guarapari	Brazil	Guarapari Airport
GVA	Geneva	Switzerland	Geneva International Airport
GVR	Governador Valadares	Brazil	Coronel Altino Machado Airport
GWD	Gurandani	Pakistan	New Gwadar International Airport
GWL	Gwalior	India	Gwalior Airport
GWT	Sylt	Germany	Westerland Sylt Airport
GXF	Seiyun	Yemen	Seiyun Hadhramaut International Airport
GXG	Negage	Angola	Negage Airport
GXH	Gannan (Xiahe)	China	Gannan Xiahe Airport
GYA	Guayaramerín	Bolivia	Guayaramerín Airport
GYD	Baku	Azerbaijan	Heydar Aliyev International Airport
GYE	Guayaquil	Ecuador	José Joaquín de Olmedo International Airport
GYM	Guaymas	Mexico	General José María Yáñez International Airport
GYN	Goiânia	Brazil	Santa Genoveva International Airport
GYS	Guangyuan (Lizhou)	China	Guangyuan Panlong Airport
GYU	Guyuan (Yuanzhou)	China	Guyuan Liupanshan Airport
GYY	Gary	United States	Gary/Chicago International Airport
GYZ	Cosmo Newbery	Australia	Gruyere Airport
GZG	Garzê (Garzê)	China	Garze Gesar Airport
GZM	Gozo	Malta	Xewkija Heliport
GZO	Gizo	Solomon Islands	Nusatupe Airport
GZP	Gazipaşa	Turkey	Gazipaşa-Alanya Airport
GZT	Gaziantep	Turkey	Gaziantep Oğuzeli International Airport
HAA	Hasvik	Norway	Hasvik Airport
HAC	Hachijojima	Japan	Hachijojima Airport
HAD	Halmstad	Sweden	Halmstad Airport
HAH	Moroni	Comoros	Prince Said Ibrahim International Airport
HAJ	Hannover	Germany	Hannover Airport
HAK	Haikou (Meilan)	China	Haikou Meilan International Airport
HAL	Halali	Namibia	Halali Airport
HAM	Hamburg	Germany	Hamburg Helmut Schmidt Airport
HAN	Hanoi (Soc Son)	Vietnam	Noi Bai International Airport
HAQ	Haa Dhaalu Atoll	Maldives	Hanimaadhoo International Airport
HAS	Hail	Saudi Arabia	Hail International Airport
HAU	Karmøy	Norway	Haugesund Airport, Karmøy
HAV	Havana	Cuba	José Martí International Airport
HBA	Hobart (Cambridge)	Australia	Hobart International Airport
HBE	Alexandria	Egypt	Alexandria International Airport
HBQ	Haibei (Qilian)	China	Haibei Qilian Airport
HBT	Hambantota	Sri Lanka	Hambantota Seaplane Base
HBX	Hubballi	India	Hubballi Airport
HCJ	Hechi (Jinchengjiang)	China	Hechi Jinchengjiang Airport
HCR	Holy Cross	United States	Holy Cross Airport
HCZ	Chenzhou	China	Chenzhou Beihu Airport
HDD	Hyderabad	Pakistan	Hyderabad Airport
HDF	Zirchow	Germany	Heringsdorf Airport
HDG	Handan	China	Handan Airport
HDK	Kulhudhuffushi	Maldives	Kulhudhuffushi Airport
HDM	Hamadan	Iran	Hamadan Airport
HDN	Hayden	United States	Yampa Valley Airport
HDO	Ghaziabad	India	Hindon Airport / Hindon Air Force Station
HDS	Hoedspruit	South Africa	Eastgate Airport / Air Force Base Hoedspruit
HDY	Hat Yai	Thailand	Hat Yai International Airport
HEA	Guzara	Afghanistan	Herat - Khwaja Abdullah Ansari International Airport
HEH	Heho	Myanmar	Heho Airport
HEI	Oesterdeichstrich	Germany	Heide-Büsum Airport
HEK	Heihe	China	Heihe Aihui Airport
HEL	Helsinki (Vantaa)	Finland	Helsinki Vantaa Airport
HER	Heraklion	Greece	Heraklion International Nikos Kazantzakis Airport
HET	Hohhot	China	Hohhot Baita International Airport
HFA	Haifa	Israel	Uri Michaeli Haifa International Airport
HFE	Hefei	China	Hefei Xinqiao International Airport
HFN	Höfn	Iceland	Hornafjörður Airport
HFS	Råda	Sweden	Hagfors Airport
HFT	Hammerfest	Norway	Hammerfest Airport
HGA	Hargeisa	Somalia	Egal International Airport
HGD	Hughenden	Australia	Hughenden Airport
HGH	Hangzhou	China	Hangzhou Xiaoshan International Airport
HGI	Hollongi	India	Itanagar Donyi Polo Hollongi Airport
HGL	Helgoland	Germany	Helgoland-Düne Airport
HGN	Mae Hong Son	Thailand	Mae Hong Son Airport
HGO	Korhogo	Côte d'Ivoire	Korhogo Airport
HGR	Hagerstown	United States	Hagerstown Regional Richard A Henson Field
HGU	Mount Hagen	Papua New Guinea	Mount Hagen Kagamuga Airport
HHH	Hilton Head Island	United States	Hilton Head Airport
HHN	Frankfurt am Main (Lautzenhausen)	Germany	Frankfurt-Hahn Airport
HHP	Central and Western	Hong Kong	Shun Tak Heliport
HHQ	Hua Hin	Thailand	Hua Hin Airport
HHR	Hawthorne	United States	Jack Northrop Field Hawthorne Municipal Airport
HHZ	Hikueru	French Polynesia	Hikueru Airport
HIA	Huai'an	China	Huai'an Lianshui Airport
HIB	Hibbing	United States	Range Regional Airport
HID	Horn	Australia	Horn Island Airport
HII	Lake Havasu City	United States	Lake Havasu City Airport
HIJ	Hiroshima	Japan	Hiroshima Airport
HIL	Shilavo	Ethiopia	Shilavo Airport
HIN	Sacheon	South Korea	Sacheon Airport / Sacheon Air Base
HIR	Honiara	Solomon Islands	Honiara International Airport
HIS	Hayman Island	Australia	Hayman Island Resort Seaplane Base
HJB	Hejing	China	Hejing Bayinbuluke Airport
HJJ	Huaihua	China	Huaihua Zhijiang Airport
HJR	Khajuraho	India	Khajuraho Airport
HKD	Hakodate	Japan	Hakodate Airport
HKG	Hong Kong	Hong Kong	Hong Kong International Airport
HKK		New Zealand	Hokitika Airfield
HKN	Kimbe	Papua New Guinea	Hoskins Airport
HKT	Phuket	Thailand	Phuket International Airport
HLA	Johannesburg	South Africa	Lanseria International Airport
HLD	Hailar	China	Hulunbuir Hailar Airport
HLE	Jamestown	Saint Helena, Ascension and Tristan da Cunha	Saint Helena International Airport
HLH	Ulanhot	China	Ulanhot Yilelite Airport
HLN	Helena	United States	Helena Regional Airport
HLP	Jakarta	Indonesia	Halim Perdanakusuma International Airport
HLZ	Hamilton	New Zealand	Hamilton International Airport
HMA	Khanty-Mansiysk	Russia	Khanty Mansiysk Airport
HMB	Suhaj	Egypt	Suhaj International Airport
HME	Hassi Messaoud	Algeria	Hassi Messaoud-Oued Irara Krim Belkacem Airport
HMI	Hami	China	Hami Airport
HMO	Hermosillo	Mexico	General Ignacio L. Pesqueira International Airport
HMS	Muara Teweh	Indonesia	Haji Muhammad Sidik Airport
HMV	Hemavan	Sweden	Hemavan Airport
HNA	Hanamaki	Japan	Iwate Hanamaki Airport
HND	Tokyo	Japan	Tokyo Haneda International Airport
HNH	Hoonah	United States	Hoonah Airport
HNL	Honolulu, Oahu	United States	Daniel K. Inouye International Airport
HNM	Hana	United States	Hana Airport
HNS	Haines	United States	Haines Airport
HNY	Hengyang	China	Hengyang Nanyue Airport
HOB	Hobbs	United States	Lea County Regional Airport
HOF	Hofuf	Saudi Arabia	Al-Ahsa International Airport
HOG	Holguin	Cuba	Frank Pais International Airport
HOI	Otepa	French Polynesia	Hao Airport
HOK	Lajamanu	Australia	Hooker Creek Airport
HOM	Homer	United States	Homer Airport
HOR	Horta	Portugal	Horta Airport
HOT	Hot Springs	United States	Memorial Field Airport
HOU	Houston	United States	William P. Hobby Airport
HOV	Ørsta	Norway	Ørsta-Volda Airport, Hovden
HPA	Lifuka	Tonga	Lifuka Island Airport
HPB	Hooper Bay	United States	Hooper Bay Airport
HPG	Shennongjia (Hongping)	China	Shennongjia Hongping Airport
HPH	Haiphong (Hai An)	Vietnam	Cat Bi International Airport
HPN	White Plains	United States	Westchester County Airport
HQL	Tashikuergan	China	Tashikuergan Hongqilafu Airport
HQQ	Anyang	China	Anyang Hongqiqu Airport
HRB	Harbin	China	Harbin Taiping International Airport
HRE	Harare	Zimbabwe	Robert Gabriel Mugabe International Airport
HRF		Maldives	Hoarafushi Airport
HRG	Hurghada	Egypt	Hurghada International Airport
HRI	Mattala	Sri Lanka	Mattala Rajapaksa International Airport
HRL	Harlingen	United States	Valley International Airport
HRO	Harrison	United States	Boone County Airport
HSA	Turkıstan	Kazakhstan	Hazrat Sultan International Airport
HSC	Shaoguan	China	Shaoguan Danxia Airport
HSG	Saga	Japan	Kyushu Saga International Airport
HSL	Huslia	United States	Huslia Airport
HSN	Zhoushan	China	Zhoushan Putuoshan International Airport
HSR	Rajkot	India	Rajkot International Airport
HSS	Hisar	India	Maharaja Agrasen International Airport
HSV	Huntsville	United States	Huntsville International Airport
HTA	Chita	Russia	Chita-Kadala International Airport
HTG	Khatanga	Russia	Khatanga Airport
HTI	Hamilton Island	Australia	Hamilton Island Airport
HTN	Hotan	China	Hotan Airport
HTS	Huntington	United States	Tri-State Airport / Milton J. Ferguson Field
HTT	Mengnai	China	Huatugou Airport
HTY	Antakya	Turkey	Hatay Airport
HUE	Akwi	Ethiopia	Humera Airport
HUG	Huehuetenango	Guatemala	Huehuetenango Airport
HUH	Fare	French Polynesia	Huahine-Fare Airport
HUI	Huế	Vietnam	Phu Bai International Airport
HUN	Hualien City	Taiwan	Hualien Chiashan Airport
HUO	Holingol	China	Holingol Huolinhe Airport
HUS	Hughes	United States	Hughes Airport
HUU	Huánuco	Peru	Alferez Fap David Figueroa Fernandini Airport
HUX	Huatulco	Mexico	Bahías de Huatulco International Airport
HUY	Grimsby, Lincolnshire	United Kingdom	Humberside Airport
HUZ	Huizhou (Pingtan)	China	Huizhou Pingtan Airport
HVB	Hervey Bay	Australia	Hervey Bay Airport
HVD	Khovd	Mongolia	Khovd Airport
HVG	Honningsvåg	Norway	Honningsvåg Airport, Valan
HVN	New Haven	United States	Tweed New Haven Airport
HVR	Havre	United States	Havre City County Airport
HWR	Halwara	India	Halwara International Airport
HXD	Delingha	China	Haixi Delingha Airport
HYA	Hyannis	United States	Cape Cod Gateway Airport
HYD	Hyderabad	India	Rajiv Gandhi International Airport
HYG	Hydaburg	United States	Hydaburg Seaplane Base
HYL	Hollis	United States	Hollis Clark Bay Seaplane Base
HYN	Taizhou (Luqiao)	China	Taizhou Luqiao Airport
HYS	Hays	United States	Hays Regional Airport
HZA	Heze (Dingtao)	China	Heze Mudan Airport
HZG	Hanzhong (Chenggu)	China	Hanzhong Chenggu Airport
HZH	Liping	China	Liping Airport
IAA	Igarka	Russia	Igarka Airport
IAD	Dulles	United States	Washington Dulles International Airport
IAG	Niagara Falls	United States	Niagara Falls International Airport
IAH	Houston	United States	George Bush Intercontinental Airport
IAM	In Aménas	Algeria	Zarzaitine - In Aménas Airport
IAN	Kiana	United States	Bob Baker Memorial Airport
IAO	Del Carmen	Philippines	Siargao Airport
IAR	Tunoshna	Russia	Golden Ring Yaroslavl International Airport
IAS	Iaşi	Romania	Iaşi International Airport
IBA	Ibadan	Nigeria	Ibadan Airport
IBB	Puerto Villamil	Ecuador	General Villamil Airport
IBE	Ibagué	Colombia	Perales Airport
IBR	Omitama	Japan	Ibaraki Airport
IBZ	Ibiza (Eivissa)	Spain	Ibiza Airport
ICC	Isla de Coche	Venezuela	Andrés Miguel Salazar Marcano Airport
ICI	Cicia	Fiji	Cicia Airport
ICN	Seoul	South Korea	Incheon International Airport
ICT	Wichita	United States	Wichita Dwight D. Eisenhower National Airport
IDA	Idaho Falls	United States	Idaho Falls Regional Airport
IDR	Indore	India	Devi Ahilya Bai Holkar International Airport
IEG	Nowe Kramsko	Poland	Zielona Góra-Babimost Airport
IFJ	Ísafjörður	Iceland	Ísafjörður Airport
IFN	Isfahan	Iran	Isfahan Shahid Beheshti International Airport
IFO	Ivano-Frankivsk	Ukraine	Ivano-Frankivsk International Airport
IGA	Matthew Town	Bahamas	Inagua Airport
IGD	Iğdır	Turkey	Iğdır Airport
IGG	Igiugig	United States	Igiugig Airport
IGR	Puerto Iguazu	Argentina	Cataratas Del Iguazú International Airport
IGT	Sunzha	Russia	Magas Airport
IGU	Foz do Iguaçu	Brazil	Cataratas International Airport
IIA	Inis Meáin	Ireland	Inishmaan Aerodrome
IJK	Izhevsk	Russia	Izhevsk Airport
IKA	Tehran	Iran	Imam Khomeini International Airport
IKE	Ikerasak	Greenland	Ikerasak Heliport
IKG	Karakol	Kyrgyzstan	Karakol International Airport
IKI	Iki	Japan	Iki Airport
IKO	Nikolski	United States	Nikolski Air Station
IKS	Tiksi	Russia	Tiksi Airport
IKT	Irkutsk	Russia	Irkutsk International Airport
IKU	Tamchy	Kyrgyzstan	Issyk-Kul International Airport
ILD	Lleida	Spain	Lleida-Alguaire Airport
ILF	Ilford	Canada	Ilford Airport
ILG	Wilmington	United States	Wilmington Airport
ILI	Iliamna	United States	Iliamna Airport
ILM	Wilmington	United States	Wilmington International Airport
ILO	Cabatuan	Philippines	Iloilo International Airport
ILP	Île des Pins	New Caledonia	Île des Pins Airport
ILQ	Ilo	Peru	General Jorge Fernandez Maldon Airport
ILR	Ilorin/Ogbomosho	Nigeria	General Tunde Idiagbon International Airport
ILS	San Salvador	El Salvador	Ilopango International Airport
ILY	Isle of Islay, Argyll and Bute	United Kingdom	Islay Airport
IMF	Imphal	India	Bir Tikendrajit International Airport
IMK	Simikot	Nepal	Simikot Airport
IMP	Imperatriz	Brazil	Prefeito Renato Moreira Airport
IMT	Kingsford	United States	Ford Airport
INB	Independence	Belize	Independence Airport
INC	Yinchuan	China	Yinchuan Hedong International Airport
IND	Indianapolis	United States	Indianapolis International Airport
INH	Inhambane	Mozambique	Inhambane Airport
INI	Niš	Serbia	Niš Constantine the Great Airport
INL	International Falls	United States	Falls International Airport
INN	Innsbruck	Austria	Innsbruck Airport
INO	Inongo	Democratic Republic of the Congo	Inongo Airport
INQ	Inis Oírr	Ireland	Inisheer Aerodrome
INU	Yaren	Nauru	Nauru International Airport
INV	Inverness	United Kingdom	Inverness Airport
INZ	In Salah	Algeria	In Salah Airport
IOA	Ioannina	Greece	Ioannina King Pyrrhus National Airport
IOM	Castletown	Isle of Man	Isle of Man Airport
IOQ	Isortoq	Greenland	Isortoq Heliport
IOR	Inis Mór	Ireland	Inishmore Aerodrome
IOS	Ilhéus	Brazil	Bahia - Jorge Amado Airport
IOT	Illorsuit	Greenland	Illorsuit Heliport
IPC	Isla De Pascua	Chile	Mataveri International Airport
IPH	Ipoh	Malaysia	Sultan Azlan Shah Airport
IPI	Ipiales	Colombia	San Luis Airport
IPL	Imperial	United States	Imperial County Airport
IPN	Ipatinga	Brazil	Usiminas Airport
IPT	Williamsport	United States	Williamsport Regional Airport
IQM	Qiemo	China	Qiemo Yudu Airport
IQN	Qingyang (Xifeng)	China	Qingyang Xifeng Airport
IQQ	Iquique	Chile	Diego Aracena International Airport
IQT	Iquitos	Peru	Coronel FAP Francisco Secada Vignetta International Airport
IRA	Kirakira	Solomon Islands	Ngorangora Airport
IRC	Circle	United States	Circle City (New) Airport
IRG	Lockhart River	Australia	Lockhart River Airport
IRJ	La Rioja	Argentina	Capitan V A Almonacid Airport
IRK	Kirksville	United States	Kirksville Regional Airport
IRP	Isiro	Democratic Republic of the Congo	Matari Airport
IRZ	Santa Isabel do Rio Negro	Brazil	Tapuruquara Airport
ISA	Mount Isa	Australia	Mount Isa Airport
ISB	Attock	Pakistan	Islamabad International Airport
ISC	St. Mary's, Isles of Scilly	United Kingdom	St. Mary's Airport
ISE	Isparta	Turkey	Süleyman Demirel International Airport
ISG	Ishigaki	Japan	New Ishigaki Airport
ISK	Nashik	India	Nashik International Airport
ISP	Islip	United States	Long Island MacArthur Airport
IST	Istanbul	Turkey	İstanbul Airport
ISU	Sulaymaniyah	Iraq	Jalal Talabani International Airport
ITB	Itaituba	Brazil	Itaituba Airport
ITH	Ithaca	United States	Ithaca Tompkins Regional Airport
ITM	Osaka	Japan	Osaka Itami International Airport
ITO	Hilo	United States	Hilo International Airport
ITU	Kurilsk	Russia	Iturup Airport
IUE	Alofi	Niue	Niue International Airport
IUI	Innarsuit	Greenland	Innarsuit Heliport
IVC	Invercargill	New Zealand	Invercargill Airport
IVL	Ivalo	Finland	Ivalo Airport
IWA	Ivanovo	Russia	Ivanovo South Airport
IWD	Ironwood	United States	Gogebic Iron County Airport
IWJ	Masuda	Japan	Iwami Airport
IWK	Iwakuni	Japan	Iwakuni Kintaikyo Airport
IXA	Agartala	India	Agartala - Maharaja Bir Bikram Airport
IXB	Siliguri	India	Bagdogra Airport
IXC	Chandigarh	India	Shaheed Bhagat Singh International Airport
IXD	Allahabad	India	Prayagraj Airport
IXE	Mangaluru	India	Mangaluru International Airport
IXG	Belgaum	India	Belagavi Airport
IXI	Lilabari	India	Lilabari North Lakhimpur Airport
IXJ	Jammu	India	Jammu Airport
IXK	Keshod	India	Keshod Airport
IXL	Leh	India	Leh Kushok Bakula Rimpochee Airport
IXM	Madurai	India	Madurai Airport
IXP	Pathankot	India	Pathankot Airport
IXR	Ranchi	India	Birsa Munda Airport
IXS	Silchar	India	Silchar Airport
IXU	Aurangabad	India	Aurangabad Airport
IXY	Kandla	India	Kandla Airport
IXZ	Port Blair	India	Veer Savarkar International Airport / INS Utkrosh
IZA	Juiz de Fora	Brazil	Presidente Itamar Franco Airport
IZO	Izumo	Japan	Izumo Enmusubi Airport
IZT	Ixtepec	Mexico	General Antonio Cárdenas Rodríguez National Airport / Ixtepec Air Base
JAC	Jackson	United States	Jackson Hole Airport
JAE	Jaén	Peru	Shumba Airport
JAF	Jaffna	Sri Lanka	Jaffna International Airport
JAI	Jaipur	India	Jaipur International Airport
JAN	Jackson	United States	Jackson-Medgar Wiley Evers International Airport
JAU	Jauja	Peru	Francisco Carle Airport
JAV	Ilulissat	Greenland	Ilulissat Airport
JAX	Jacksonville	United States	Jacksonville International Airport
JBB	Jember	Indonesia	Notohadinegoro Airport
JBK	Qitai	China	Qitai Jiangbulake Airport
JBQ	La Isabela	Dominican Republic	La Isabela International Airport
JBR	Jonesboro	United States	Jonesboro Municipal Airport
JCH	Qasigiannguit	Greenland	Qasigiannguit Heliport
JCK		Australia	Julia Creek Airport
JCL	České Budějovice	Czech Republic	České Budějovice South Bohemian Airport
JCU	Ceuta	Spain	Ceuta Heliport
JDF	Juiz de Fora	Brazil	Francisco de Assis Airport
JDH	Jodhpur	India	Jodhpur Airport
JDO	Juazeiro do Norte	Brazil	Orlando Bezerra de Menezes Airport
JDZ	Jingdezhen	China	Jingdezhen Luojia Airport
JED	Jeddah	Saudi Arabia	King Abdulaziz International Airport
JEE	Carrefour Sanon	Haiti	Jérémie Airport
JEG	Aasiaat	Greenland	Aasiaat Airport
JEJ	Ailinglapalap Atoll	Marshall Islands	Jeh Airport
JER	St. Peter	Jersey	Jersey Airport
JFK	New York	United States	John F. Kennedy International Airport
JFR	Paamiut	Greenland	Paamiut Airport
JGA	Jamnagar	India	Jamnagar Airport
JGB	Jagdalpur	India	Jagdalpur Airport
JGD	Jiagedaqi	China	Daxing'anling Elunchun Airport
JGN	Jiayuguan	China	Jiayuguan International Airport
JGO	Qeqertarsuaq	Greenland	Qeqertarsuaq Heliport
JGR	Kangilinnguit	Greenland	Kangilinnguit Heliport
JGS	Ji'an	China	Jinggangshan Airport
JHB	Johor Bahru	Malaysia	Senai International Airport
JHG	Jinghong (Gasa)	China	Xishuangbanna Gasa International Airport
JHM	Lahaina	United States	Kapalua Airport
JHS	Sisimiut	Greenland	Sisimiut Airport
JIB	Djibouti City	Djibouti	Djibouti-Ambouli Airport
JIC	Jinchang	China	Jinchang Jinchuan Airport
JIJ	Jijiga	Ethiopia	Gerad Wilwal International Airport
JIK	Ikaria Island	Greece	Ikaria Airport
JIM	Jimma	Ethiopia	Jimma Airport
JIO	Tiakur	Indonesia	Jos Orno Imsula Airport
JIQ	Qianjiang	China	Qianjiang Wulingshan Airport
JIU	Jiujiang	China	Jiujiang Lushan Airport
JJD	Cruz	Brazil	Comandante Ariston Pessoa Airport
JJG	Jaguaruna	Brazil	Humberto Ghizzo Bortoluzzi Regional Airport
JJM	Meru-Kinna	Kenya	Mulika Lodge Airport
JJN	Quanzhou	China	Quanzhou Jinjiang International Airport
JJU	Qaqortoq	Greenland	Qaqortoq Airport
JKG	Jönköping	Sweden	Jönköping Airport
JKH	Chios Island	Greece	Chios Island National Airport
JKL	Kalymnos Island	Greece	Kalymnos Airport
JKR	Janakpur	Nepal	Janakpur Airport
JLG	Jalgaon	India	Jalgaon Airport
JLN	Joplin	United States	Joplin Regional Airport
JLR	Jabalpur	India	Jabalpur Airport
JMJ	Pu'er (Lancang)	China	Lancang Jingmai Airport
JMK	Mykonos	Greece	Mykonos Island National Airport
JMO	Jomsom	Nepal	Jomsom Airport
JMS	Jamestown	United States	Jamestown Regional Airport
JMU	Jiamusi	China	Jiamusi Songjiang International Airport
JNB	Johannesburg	South Africa	O.R. Tambo International Airport
JNG	Jining	China	Jining Da'an Airport
JNH	Xiuzhou, Hangzhou	China	Jiaxing Nanhu Airport
JNN	Nanortalik	Greenland	Nanortalik Heliport
JNS	Narsaq	Greenland	Narsaq Heliport
JNU	Juneau	United States	Juneau International Airport
JNX	Naxos	Greece	Naxos Island National Airport
JNZ	Jinzhou (Linghai)	China	Jinzhou Bay Airport
JOE	Joensuu	Finland	Joensuu Airport
JOG	Yogyakarta	Indonesia	Adisutjipto International Airport
JOI	Joinville	Brazil	Lauro Carneiro de Loyola Airport
JOL	Jolo	Philippines	Jolo Airport
JOS	Jos	Nigeria	Yakubu Gowon Airport
JPA	João Pessoa	Brazil	Presidente Castro Pinto International Airport
JPE	Paragominas	Brazil	Nagib Demachki Airport
JPR	Ji-Paraná	Brazil	Ji-Paraná Airport
JQA	Uummannaq	Greenland	Qaarsut Airport
JRA	New York	United States	West 30th Street Heliport
JRG		India	Jharsuguda Airport
JRH	Jorhat	India	Jorhat Airport
JRO	Arusha	Tanzania	Kilimanjaro International Airport
JSA		India	Jaisalmer Airport
JSH	Crete Island	Greece	Sitia Airport
JSI	Skiathos	Greece	Skiathos Island National Airport
JSJ	Jiansanjiang	China	Jiansanjiang Shidi Airport
JSK	Bandar-e-Jask	Iran	Jask Airport
JSR	Jashore (Jessore)	Bangladesh	Jessore Airport
JST	Johnstown	United States	John Murtha Johnstown Cambria County Airport
JSU	Maniitsoq	Greenland	Maniitsoq Airport
JSY	Syros Island	Greece	Syros Airport
JTC	Bauru	Brazil	Bauru/Arealva–Moussa Nakhal Tobias State Airport
JTR	Santorini Island	Greece	Santorini International Airport
JTY	Astypalaia Island	Greece	Astypalaia Airport
JUB	Juba	South Sudan	Juba International Airport
JUH	Chizhou	China	Chizhou Jiuhuashan Airport
JUI	Juist	Germany	Juist Airport
JUJ	San Salvador de Jujuy	Argentina	Gobernador Horacio Guzman International Airport
JUK	Ukkusissat	Greenland	Ukkusissat Heliport
JUL	Juliaca	Peru	Inca Manco Capac International Airport
JUM	Jumla	Nepal	Jumla Airport
JUU	Nuugaatsiaq	Greenland	Nuugaatsiaq Heliport
JUV	Upernavik	Greenland	Upernavik Airport
JUZ	Quzhou (Kezheng)	China	Quzhou Airport
JXA	Jixi	China	Jixi Xingkaihu Airport
JYV	Jyväskylän Maalaiskunta	Finland	Jyväskylä Airport
JZH	Ngawa (Songpan)	China	Jiuzhai Huanglong Airport
KAA	Kasama	Zambia	Kasama Airport
KAB	Kariba	Zimbabwe	Kariba Airport
KAC	Qamishli	Syria	Qamishli International Airport
KAD	Kaduna	Nigeria	Kaduna International Airport
KAE	Kake	United States	Kake Seaplane Base
KAI	Kaieteur Falls	Guyana	Kaieteur Airport
KAJ	Kajaani	Finland	Kajaani Airport
KAL	Kaltag	United States	Kaltag Airport
KAN	Kano	Nigeria	Mallam Aminu Kano International Airport
KAO	Kuusamo	Finland	Kuusamo Airport
KAT	Awanui	New Zealand	Kaitaia Airport
KAW	Kawthoung	Myanmar	Kawthoung Airport
KAX	Kalbarri	Australia	Kalbarri Airport
KBC	Birch Creek	United States	Birch Creek Airport
KBL	Kabul	Afghanistan	Kabul International Airport
KBR	Kota Baharu	Malaysia	Sultan Ismail Petra Airport
KBU	Stagen	Indonesia	Gusti Syamsir Alam Airport
KBV	Krabi	Thailand	Krabi International Airport
KCA	Kuqa	China	Kuqa Qiuci Airport
KCC	Coffman Cove	United States	Coffman Cove Seaplane Base
KCG	Chignik	United States	Chignik Airport
KCH	Kuching	Malaysia	Kuching International Airport
KCM	Kahramanmaraş	Turkey	Kahramanmaraş Airport
KCQ	Chignik Lake	United States	Chignik Lake Airport
KCT	Galle	Sri Lanka	Koggala Airport
KCY	Krasnoyarsk	Russia	Krasnoyarsk Cheremshanka Airport
KCZ	Nankoku	Japan	Kochi Ryoma Airport
KDD	Khuzdar	Pakistan	Khuzdar Airport
KDH	Kandahar	Afghanistan	Ahmad Shah Baba International Airport
KDI	Kendari	Indonesia	Haluoleo Airport
KDL	Kärdla	Estonia	Kärdla Airport
KDM	Huvadhu Atoll	Maldives	Kaadedhdhoo Airport
KDO	Kadhdhoo	Maldives	Kadhdhoo Airport
KDU	Skardu	Pakistan	Skardu International Airport
KDV	Vunisea	Fiji	Vunisea Airport
KDZ	Kandy	Sri Lanka	Polgolla Reservoir Seaplane Base
KEB	Nanwalek	United States	Nanwalek Airport
KEF	Reykjavík	Iceland	Keflavik International Airport
KEH	Kenmore	United States	Kenmore Air Harbor LLC Seaplane Base
KEJ	Kemerovo	Russia	Alexei Leonov Kemerovo International Airport
KEM	Kemi / Tornio	Finland	Kemi-Tornio Airport
KEP	Nepalgunj	Nepal	Nepalgunj Airport
KER	Kerman	Iran	Ayatollah Hashemi Rafsanjani International Airport
KET	Kengtung	Myanmar	Kengtung Airport
KEW	Keewaywin	Canada	Keewaywin Airport
KFG		Australia	Kalkgurung Airport
KFP	False Pass	United States	False Pass Airport
KFS	Kastamonu	Turkey	Kastamonu Airport
KGA	Kananga	Democratic Republic of the Congo	Kananga Airport
KGC		Australia	Kingscote Airport
KGD	Kaliningrad	Russia	Khrabrovo Airport
KGE	Kagau Island	Solomon Islands	Kaghau Airport
KGF	Karaganda	Kazakhstan	Sary-Arka Airport
KGI	Broadwood	Australia	Kalgoorlie Boulder Airport
KGK	Koliganek	United States	Koliganek Airport
KGL	Kigali	Rwanda	Kigali International Airport
KGP	Kogalym	Russia	Kogalym International Airport
KGQ	Kangersuatsiaq	Greenland	Kangersuatsiaq Heliport
KGS	Kos Island	Greece	Kos International Airport "Ippokratis"
KGT	Garzê (Kangding)	China	Kangding Airport
KGX	Grayling	United States	Grayling Airport
KHD		Iran	Khoram Abad Airport
KHE	Kherson	Ukraine	Kherson International Airport
KHG	Kashgar	China	Kashgar Laining International Airport
KHH	Kaohsiung (Xiaogang)	Taiwan	Kaohsiung International Airport
KHI	Karachi	Pakistan	Jinnah International Airport
KHK	Khark	Iran	Khark Airport
KHM	Kanti	Myanmar	Kanti Airport
KHN	Nanchang	China	Nanchang Changbei International Airport
KHS	Khasab	Oman	Khasab Airport
KHT	Khost	Afghanistan	Khost International Airport
KHV	Khabarovsk	Russia	Khabarovsk Novy Airport
KHX	Kihihi	Uganda	Savannah Airstrip
KHZ	Kauehi	French Polynesia	Kauehi Airport
KIE	Kieta	Papua New Guinea	Aropa Airport
KIF	Kingfisher Lake	Canada	Kingfisher Lake Airport
KIH	Kish Island	Iran	Kish International Airport
KIJ	Niigata	Japan	Niigata Airport
KIK	Kirkuk	Iraq	Kirkuk International Airport
KIM	Kimberley	South Africa	Kimberley Airport
KIN	Kingston	Jamaica	Norman Manley International Airport
KIO	Kili Island	Marshall Islands	Kili Airport
KIR	Farranfore	Ireland	Kerry Airport
KIS	Kisumu	Kenya	Kisumu International Airport
KIT	Kithira Island	Greece	Kithira Airport
KIX	Osaka	Japan	Kansai International Airport
KJA	Krasnoyarsk	Russia	Krasnoyarsk International Airport
KJB	Orvakal	India	Kurnool Airport
KJH	Kaili  (Huangping)	China	Kaili Huangping Airport
KJI	Burqin	China	Burqin Kanas Airport
KJT	Kertajati	Indonesia	Kertajati International Airport
KKA	Koyuk	United States	Koyuk Alfred Adams Airport
KKB	Kitoi Bay	United States	Kitoi Bay Seaplane Base
KKC	Khon Kaen	Thailand	Khon Kaen Airport
KKE	Kerikeri	New Zealand	Kerikeri Airport
KKH	Kongiganak	United States	Kongiganak Airport
KKI	Akiachak	United States	Akiachak Airport
KKJ	Kitakyushu	Japan	Kitakyushu Airport
KKN	Kirkenes	Norway	Kirkenes Airport, Høybuktmoen
KKR	Raitahiti	French Polynesia	Kaukura Airport
KKS	Kashan	Iran	Kashan Airport
KKW	Kikwit	Democratic Republic of the Congo	Kikwit Airport
KKX	Kikai	Japan	Kikai Airport
KLG	Kalskag	United States	Kalskag Airport
KLH	Kolhapur	India	Kolhapur Airport
KLN	Larsen Bay	United States	Larsen Bay Airport
KLO	Kalibo	Philippines	Kalibo International Airport
KLP	Seruyan	Indonesia	Seruyan Kuala Pembuang Airport
KLR	Kalmar	Sweden	Kalmar Airport
KLU	Klagenfurt am Wörthersee	Austria	Klagenfurt Airport
KLV	Karlovy Vary	Czech Republic	Karlovy Vary Airport
KLW	Klawock	United States	Klawock Airport
KLX	Kalamata	Greece	Kalamata Airport
KMA	Kerema	Papua New Guinea	Kerema Airport
KMC	King Khaled Military City	Saudi Arabia	King Khaled Military City Airport
KME	Kamembe	Rwanda	Kamembe Airport
KMG	Kunming	China	Kunming Changshui International Airport
KMI	Miyazaki	Japan	Miyazaki Airport
KMJ	Kumamoto	Japan	Kumamoto Airport
KMN	Kamina	Democratic Republic of the Congo	Kamina City Airport
KMO	Manokotak	United States	Manokotak Airport
KMQ	Kanazawa	Japan	Komatsu Airport / JASDF Komatsu Air Base
KMS	Kumasi	Ghana	Prempeh I International Airport
KMW	Kostroma	Russia	Kostroma Sokerkino Airport
KMY	Moser Bay	United States	Moser Bay Seaplane Base
KND	Kindu	Democratic Republic of the Congo	Kindu Airport
KNG	Kaimana	Indonesia	Utarom Airport
KNH	Shang-I	Taiwan	Kinmen Airport
KNK	Kokhanok	United States	Kokhanok Airport
KNO	Beringin	Indonesia	Kualanamu International Airport
KNQ	Koné	New Caledonia	Koné Airport
KNS		Australia	King Island Airport
KNU	Kanpur	India	Kanpur Airport
KNW	New Stuyahok	United States	New Stuyahok Airport
KNX	Kununurra	Australia	East Kimberley Regional (Kununurra) Airport
KOA	Kailua-Kona	United States	Ellison Onizuka Kona International Airport at Keāhole
KOC	Koumac	New Caledonia	Koumac Airport
KOE	Kupang	Indonesia	El Tari Airport
KOI	Kirkwall, Orkney Islands	United Kingdom	Kirkwall Airport
KOJ	Kagoshima	Japan	Kagoshima Airport
KOK	Kokkola / Kruunupyy	Finland	Kokkola-Pietarsaari Airport
KOP	Nakhon Phanom	Thailand	Nakhon Phanom Airport
KOS	Preah Sihanouk	Cambodia	Sihanouk International Airport
KOT	Kotlik	United States	Kotlik Airport
KOV	Kokshetau	Kazakhstan	Kokshetau International Airport
KOW	Ganzhou	China	Ganzhou Huangjin Airport
KOY	Olga Bay	United States	Olga Bay Seaplane Base
KOZ	Ouzinkie	United States	Ouzinkie Airport
KPB	Point Baker	United States	Point Baker Seaplane Base
KPN	Kipnuk	United States	Kipnuk Airport
KPO	Pohang	South Korea	Pohang Airport (G-815/K-3)
KPR	Port Williams	United States	Port Williams Seaplane Base
KPV	Perryville	United States	Perryville Airport
KPW	Keperveem	Russia	Keperveem Airport
KPY	Port Bailey	United States	Port Bailey Seaplane Base
KQA	Akutan	United States	Akutan Airport
KQH	Ajmer (Kishangarh)	India	Kishangarh Airport Ajmer
KQR	Karara	Australia	Karara Airport
KQT	Bokhtar	Tajikistan	Bokhtar International Airport
KRB		Australia	Karumba Airport
KRC	Sungai Penuh	Indonesia	Departi Parbo Airport
KRE	Kirundo	Burundi	Kirundo Airport
KRF	Nyland	Sweden	Kramfors-Sollefteå Höga Kusten Airport
KRI	Kikori	Papua New Guinea	Kikori Airport
KRK	Balice	Poland	Kraków John Paul II International Airport
KRL	Korla	China	Korla Licheng Airport
KRN	Kiruna	Sweden	Kiruna Airport
KRO	Kurgan	Russia	Kurgan Airport
KRP	Karup	Denmark	Midtjyllands Airport / Air Base Karup
KRR	Krasnodar	Russia	Krasnodar Pashkovsky International Airport
KRS	Kristiansand(Kjevik)	Norway	Kristiansand Airport
KRT	Khartoum	Sudan	Khartoum International Airport
KRW	Turkmenbaşy	Turkmenistan	Turkmenbaşy International Airport
KRY	Karamay	China	Karamay Airport
KSA	Okat	Micronesia	Kosrae International Airport
KSC	Košice	Slovakia	Košice International Airport
KSD	Karlstad	Sweden	Karlstad Airport
KSF	Calden	Germany	Kassel Airport
KSH	Kermanshah	Iran	Shahid Ashrafi Esfahani Airport
KSJ	Kasos Island	Greece	Kasos Airport
KSL	Kassala	Sudan	Kassala Airport
KSM	St Mary's	United States	St Mary's Airport
KSN	Kostanay	Kazakhstan	Kostanay International Airport
KSO	Argos Orestiko	Greece	Kastoria National Airport Aristotle
KSQ	Karshi	Uzbekistan	Karshi Airport
KSR	Benteng	Indonesia	Selayar - Haji Aroeppala Airport
KSU	Kvernberget	Norway	Kristiansund Airport, Kvernberget
KSY	Kars	Turkey	Kars Airport
KSZ	Kotlas	Russia	Kotlas Airport
KTA	Karratha	Australia	Karratha Airport
KTB	Thorne Bay	United States	Thorne Bay Seaplane Base
KTD	Kitadaitōjima	Japan	Kitadaito Airport
KTG	Ketapang	Indonesia	Rahadi Osman Airport
KTI	Phnom Penh (Boeng Khyang)	Cambodia	Techo International Airport
KTM	Kathmandu	Nepal	Tribhuvan International Airport
KTN	Ketchikan	United States	Ketchikan International Airport
KTP	Tinson Pen	Jamaica	Tinson Pen Airport
KTS	Brevig Mission	United States	Brevig Mission Airport
KTT	Kittilä	Finland	Kittilä International Airport
KTW	Katowice	Poland	Katowice Wojciech Korfanty International Airport
KUA	Kuantan	Malaysia	Kuantan Airport
KUD	Kudat	Malaysia	Kudat Airport
KUF	Samara	Russia	Kurumoch International Airport
KUG	Kubin Island	Australia	Kubin Island Airport
KUH	Kushiro	Japan	Kushiro Airport
KUK	Kasigluk	United States	Kasigluk Airport
KUL	Sepang	Malaysia	Kuala Lumpur International Airport
KUM	Yakushima	Japan	Yakushima Airport
KUN	Kaunas	Lithuania	Kaunas International Airport
KUO	Kuopio / Siilinjärvi	Finland	Kuopio Airport
KUS	Kulusuk	Greenland	Kulusuk Airport
KUT	Kopitnari	Georgia	David the Builder Kutaisi International Airport
KUU	Bhuntar	India	Kullu Manali Airport
KUV	Gunsan	South Korea	Gunsan Airport / Gunsan Air Base
KUZ	Kuummiut	Greenland	Kuummiut Heliport
KVA	Kavala	Greece	Kavala Alexander the Great International Airport
KVC	King Cove	United States	King Cove Airport
KVG	Kavieng	Papua New Guinea	Kavieng Airport
KVK	Apatity	Russia	Kirovsk-Apatity Airport
KVL	Kivalina	United States	Kivalina Airport
KVM	Markovo	Russia	Markovo Airport
KVO	Kraljevo	Serbia	Morava Airport
KVX	Kirov	Russia	Pobedilovo Airport
KWA	Kwajalein	Marshall Islands	Bucholz Army Air Field
KWB	Karimunjawa	Indonesia	Dewadaru Airport
KWE	Guiyang (Nanming)	China	Guiyang Longdongbao International Airport
KWG	Kryvyi Rih	Ukraine	Kryvyi Rih International Airport
KWI	Kuwait City	Kuwait	Kuwait International Airport
KWJ	Gwangju	South Korea	Gwangju Airport
KWK	Kwigillingok	United States	Kwigillingok Airport
KWL	Guilin (Lingui)	China	Guilin Liangjiang International Airport
KWM	Kowanyama	Australia	Kowanyama Airport
KWN	Quinhagak	United States	Quinhagak Airport
KWP	West Point	United States	West Point Village Seaplane Base
KWT	Kwethluk	United States	Kwethluk Airport
KWZ	Kolwezi	Democratic Republic of the Congo	Kolwezi Airport
KXA	Kasaan	United States	Kasaan Seaplane Base
KXB	Kolaka	Indonesia	Sangia Nibandera Airport
KXF	Koro Island	Fiji	Koro Island Airport
KXK	Komsomolsk-on-Amur	Russia	Komsomolsk-on-Amur Airport
KXO	Kisoro	Uganda	Kisoro Airport
KYA	Konya	Turkey	Konya Airport
KYD	Orchid Island	Taiwan	Lanyu Airport
KYK	Karluk	United States	Karluk Airport
KYP	Kyaukpyu	Myanmar	Kyaukpyu Airport
KYS	Kayes	Mali	Kayes Dag Dag Airport
KYU	Koyukuk	United States	Koyukuk Airport
KYZ	Kyzyl	Russia	Kyzyl Airport
KZB	Zachar Bay	United States	Zachar Bay Seaplane Base
KZI	Kozani	Greece	Kozani National Airport Filippos
KZN	Kazan	Russia	Kazan International Airport
KZO	Kyzylorda	Kazakhstan	Korkyt Ata International Airport
KZR	Altıntaş	Turkey	Zafer Airport
KZS	Kastelorizo Island	Greece	Kastelorizo Airport
LAD	Luanda	Angola	Quatro de Fevereiro International Airport
LAE	Lae	Papua New Guinea	Nadzab Tomodachi International Airport
LAF	West Lafayette	United States	Purdue University Airport
LAJ	Lages	Brazil	Lages Airport
LAK	Aklavik	Canada	Aklavik/Freddie Carmichael Airport
LAL	Lakeland	United States	Lakeland Linder International Airport
LAN	Lansing	United States	Capital Region International Airport
LAO	Laoag City	Philippines	Laoag International Airport
LAP	La Paz	Mexico	Manuel Márquez de León International Airport
LAQ	Al Albraq	Libya	Al Abraq International Airport
LAR	Laramie	United States	Laramie Regional Airport
LAS	Las Vegas	United States	Harry Reid International Airport
LAU	Lamu	Kenya	Manda Airport
LAW	Lawton	United States	Lawton Fort Sill Regional Airport
LAX	Los Angeles	United States	Los Angeles International Airport
LBA	Leeds, West Yorkshire	United Kingdom	Leeds Bradford Airport
LBB	Lubbock	United States	Lubbock Preston Smith International Airport
LBC	Lübeck	Germany	Lübeck Blankensee Airport
LBD	Khujand	Tajikistan	Khujand International Airport
LBE	Latrobe	United States	Arnold Palmer Regional Airport
LBF	North Platte	United States	North Platte Regional Airport Lee Bird Field
LBG	Paris	France	Paris-Le Bourget International Airport
LBH	Sydney	Australia	Palm Beach Seaplane Base
LBJ	Labuan Bajo, Manggarai Barat	Indonesia	Komodo Airport
LBL	Liberal	United States	Liberal Mid-America Regional Airport
LBP	Long Banga	Malaysia	Long Banga Airport
LBR	Lábrea	Brazil	Lábrea Airport
LBS	Labasa	Fiji	Labasa Airport
LBU	Labuan	Malaysia	Labuan Airport
LBV	Libreville	Gabon	Libreville Leon M'ba International Airport
LBW	Long Bawan	Indonesia	Yuvai Semaring Airport
LCA	Larnaca	Cyprus	Larnaca International Airport
LCE	La Ceiba	Honduras	Golosón International Airport
LCG	Culleredo	Spain	A Coruña Airport
LCH	Lake Charles	United States	Lake Charles Regional Airport
LCJ	Łódź	Poland	Łódź Władysław Reymont Airport
LCK	Columbus	United States	Rickenbacker International Airport
LCR	La Chorrera	Colombia	Virgilio Barco Vargas (La Chorrera) Airport
LCX	Longyan (Liancheng)	China	Liancheng Guanzhishan Airport
LCY	London	United Kingdom	London City Airport
LDB	Londrina	Brazil	Governor José Richa Airport
LDE	Tarbes/Lourdes/Pyrénées	France	Tarbes-Lourdes-Pyrénées Airport
LDG	Leshukonskoye	Russia	Leshukonskoye Airport
LDH	Lord Howe Island	Australia	Lord Howe Island Airport
LDS	Yichun	China	Yichun Lindu Airport
LDU	Lahad Datu	Malaysia	Lahad Datu Airport
LDX	Saint-Laurent-du-Maroni	French Guiana	Saint-Laurent-du-Maroni Airport
LDY	Derry, Derry and Strabane	United Kingdom	City of Derry Airport
LEA	Exmouth	Australia	Learmonth Airport
LEB	Lebanon	United States	Lebanon Municipal Airport
LEC	Lençóis	Brazil	Coronel Horácio de Mattos Airport
LED	St. Petersburg	Russia	Pulkovo Airport
LEI	Almería	Spain	Almería Airport
LEJ	Schkeuditz	Germany	Leipzig/Halle Airport
LEL		Australia	Lake Evella Airport
LEN	La Virgen del Camino	Spain	León Airport
LEQ	Land's End, Cornwall	United Kingdom	Land's End Airport
LER		Australia	Leinster Airport
LET	Leticia	Colombia	Alfredo Vásquez Cobo International Airport
LEU	La Seu d'Urgell Pyrenees and Andorra	Spain	Pirineus - la Seu d'Urgel Airport
LEV	Bureta	Fiji	Levuka Airfield
LEX	Lexington	United States	Blue Grass Airport
LFM	Lamerd	Iran	Lamerd Airport
LFQ	Linfen (Yaodu)	China	Linfen Yaodu Airport
LFT	Lafayette	United States	Lafayette Regional Airport
LFW	Lomé	Togo	Lomé–Tokoin International Airport
LGA	New York	United States	LaGuardia Airport
LGB	Long Beach	United States	Long Beach International Airport
LGG	Grâce-Hollogne	Belgium	Liège Airport
LGI	Deadman's Cay	Bahamas	Deadman's Cay Airport
LGK	Langkawi	Malaysia	Langkawi International Airport
LGL	Long Datih	Malaysia	Long Lellang Airport
LGW	London	United Kingdom	London Gatwick Airport
LGZ	Shannan	China	Shannan Longzi Airport
LHE	Lahore	Pakistan	Allama Iqbal International Airport
LHG		Australia	Lightning Ridge Airport
LHL	Lachin	Azerbaijan	Lachin International Airport
LHR	London	United Kingdom	London Heathrow Airport
LHS	Las Heras	Argentina	Las Heras Airport
LHW	Lanzhou (Yongdeng)	China	Lanzhou Zhongchuan International Airport
LIF	Lifou	New Caledonia	Lifou Airport
LIG	Limoges/Bellegarde	France	Limoges Airport
LIH	Lihue, Kauai	United States	Lihue Airport
LIK	Likiep Island	Marshall Islands	Likiep Airport
LIL	Lesquin	France	Lille Airport
LIM	Lima	Peru	Jorge Chávez International Airport
LIN	Segrate (MI)	Italy	Milano Linate Airport
LIO	Limón	Costa Rica	Limón International Airport
LIR	Liberia	Costa Rica	Daniel Oduber Quirós International Airport
LIS	Lisbon	Portugal	Lisbon Humberto Delgado Airport
LIT	Little Rock	United States	Bill & Hillary Clinton National Airport/Adams Field
LIW	Loikaw	Myanmar	Loikaw Airport
LJG	Lijiang	China	Lijiang Sanyi International Airport
LJU	Zgornji Brnik	Slovenia	Ljubljana Jože Pučnik Airport
LKA	Tiwatobi	Indonesia	Larantuka Gewayentana Airport
LKB	Lakeba Island	Fiji	Lakeba Island Airport
LKE	Seattle	United States	Kenmore Air Harbor Seaplane Base
LKI	Lubang	Indonesia	Lasikin Airport
LKL	Lakselv	Norway	Lakselv Airport, Banak
LKM	Lolak	Indonesia	Bolaang Mongondow Airport
LKN	Leknes	Norway	Leknes Airport
LKO	Lucknow	India	Chaudhary Charan Singh International Airport
LLA	Luleå	Sweden	Luleå Airport
LLB	Qiannan (Libo)	China	Libo Airport
LLF	Yongzhou	China	Yongzhou Lingling Airport
LLK	Lankaran	Azerbaijan	Lankaran International Airport
LLO	Palopo	Indonesia	Bua - Palopo Lagaligo Airport
LLU	Alluitsup Paa	Greenland	Alluitsup Paa Heliport
LLV	Lüliang	China	Lüliang Dawu Airport
LLW	Lumbadzi	Malawi	Kamuzu International Airport
LMA	Minchumina	United States	Minchumina Airport
LMC	La Macarena	Colombia	La Macarena Airport
LME	Le Mans, Sarthe	France	Le Mans-Arnage Airport
LMM	Los Mochis	Mexico	Valle del Fuerte International Airport
LMN	Limbang	Malaysia	Limbang Airport
LMP	Lampedusa	Italy	Lampedusa Airport
LMY	Lake Murray	Papua New Guinea	Lake Murray Airport
LNB	Lamen Bay	Vanuatu	Lamen Bay Airport
LNE	Lonorore	Vanuatu	Lonorore Airport
LNJ	Lincang	China	Lincang Boshang Airport
LNK	Lincoln	United States	Lincoln Airport
LNL	Longnan (Cheng)	China	Longnan Chengzhou Airport
LNO	Leonora	Australia	Leonora Airport
LNS	Lancaster	United States	Lancaster Airport
LNU	Malinau	Indonesia	Robert Atty Bessing
LNV	Londolovit	Papua New Guinea	Londolovit Airport
LNY	Lanai City	United States	Lanai Airport
LNZ	Linz	Austria	Linz-Hörsching Airport
LOD	Longana	Vanuatu	Longana Airport
LOE		Thailand	Loei Airport
LOH	La Toma (Catamayo)	Ecuador	Ciudad de Catamayo Airport
LOO	Laghouat	Algeria	Laghouat - Molay Ahmed Medeghri Airport
LOP	Mataram (Pujut, Lombok Tengah)	Indonesia	Lombok International Airport
LOS	Lagos	Nigeria	Murtala Muhammed International Airport
LPA	Gran Canaria Island	Spain	Gran Canaria Airport
LPB	La Paz / El Alto	Bolivia	El Alto International Airport
LPD	La Pedrera	Colombia	La Pedrera Airport
LPF	Liupanshui (Zhongshan)	China	Liupanshui Yuezhao Airport
LPI	Linköping	Sweden	Linköping City Airport
LPK	Lipetsk	Russia	Lipetsk Airport
LPL	Liverpool	United Kingdom	Liverpool John Lennon Airport
LPM	Lamap	Vanuatu	Lamap Airport
LPP	Lappeenranta	Finland	Lappeenranta Airport
LPQ	Luang Phabang	Laos	Luang Phabang International Airport
LPS	Lopez	United States	Lopez Island Airport
LPT		Thailand	Lampang Airport
LPU	Long Apung-Borneo Island	Indonesia	Long Apung Airport
LPY	Chaspuzac, Haute-Loire	France	Le Puy-Loudes Airfield
LQM	Puerto Leguízamo	Colombia	Caucaya Airport
LRD	Laredo	United States	Laredo International Airport
LRE	Longreach	Australia	Longreach Airport
LRH	La Rochelle	France	La Rochelle Île de Ré Airport
LRM	La Romana	Dominican Republic	Casa De Campo International Airport
LRR	Lar	Iran	Lar Airport
LRS	Leros Island	Greece	Leros Airport
LRT	Lorient/Lann/Bihoué	France	Lorient South Brittany (Bretagne Sud) Airport
LRU	Las Cruces	United States	Las Cruces International Airport
LRV	Gran Roque Island	Venezuela	Los Roques Airport
LSA	Losuia	Papua New Guinea	Losuia Airport
LSC	La Serena-Coquimbo	Chile	La Florida Airport
LSE	La Crosse	United States	La Crosse Regional Airport
LSG	Leshan (Wutongqiao)	China	Leshan Airport
LSH	Lashio	Myanmar	Lashio Airport
LSI	Lerwick, Shetland	United Kingdom	Sumburgh Airport
LSP	Paraguaná	Venezuela	Josefa Camejo International Airport
LSR	Kutacane	Indonesia	Alas Leuser Airport
LST	Launceston (Western Junction)	Australia	Launceston Airport
LSW	Lhok Seumawe-Sumatra Island	Indonesia	Malikus Saleh Airport
LSY	Lismore	Australia	Lismore Airport
LTD	Ghadames	Libya	Ghadames Airport
LTI	Altai	Mongolia	Altai Airport
LTK	Latakia	Syria	Latakia International Airport
LTM	Lethem	Guyana	Lethem Airport
LTN	Luton, Luton	United Kingdom	London Luton Airport
LTO	Loreto	Mexico	Loreto International Airport
LTT	Saint-Tropez	France	La Môle Airport
LTU	Latur	India	Murod Kond Airport
LTX	Latacunga	Ecuador	Cotopaxi International Airport
LUA	Lukla	Nepal	Tenzing-Hillary Airport
LUD	Luderitz	Namibia	Luderitz Airport
LUG	Agno	Switzerland	Lugano Airport
LUK	Cincinnati	United States	Cincinnati Municipal Airport Lunken Field
LUM	Dehong (Mangshi)	China	Dehong Mangshi International Airport
LUN	Lusaka	Zambia	Kenneth Kaunda International Airport
LUP	Kalaupapa	United States	Kalaupapa Airport
LUQ	San Luis	Argentina	Brigadier Mayor D Cesar Raul Ojeda Airport
LUR	Cape Lisburne	United States	Cape Lisburne LRRS Airport
LUV	Langgur	Indonesia	Karel Sadsuitubun Airport
LUX	Luxembourg	Luxembourg	Luxembourg-Findel International Airport
LUZ	Lublin	Poland	Lublin Airport
LVI	Livingstone	Zambia	Harry Mwanga Nkumbula International Airport
LVO	Laverton	Australia	Laverton Airport
LWB	Lewisburg	United States	Greenbrier Valley Airport
LWK	Lerwick, Shetland Islands	United Kingdom	Lerwick / Tingwall Airport
LWN	Gyumri	Armenia	Shirak International Airport
LWO	Lviv	Ukraine	Lviv International Airport
LWS	Lewiston	United States	Lewiston Nez Perce County Airport
LWY	Lawas	Malaysia	Lawas Airport
LXA	Shannan (Gonggar)	China	Lhasa Gonggar International Airport
LXG	Luang Namtha	Laos	Luang Namtha Airport
LXR	Luxor	Egypt	Luxor International Airport
LXS	Limnos Island	Greece	Limnos Airport
LYA	Luoyang (Laocheng)	China	Luoyang Beijiao Airport
LYC	Lycksele	Sweden	Lycksele Airport
LYG	Lianyungang	China	Lianyungang Huaguoshan International Airport
LYH	Lynchburg	United States	Lynchburg Regional Airport - Preston Glenn Field
LYI	Linyi (Hedong)	China	Linyi Qiyang Airport
LYP	Faisalabad	Pakistan	Faisalabad International Airport
LYR	Longyearbyen	Norway	Svalbard Airport, Longyear
LYS	Colombier-Saugnieu, Rhône	France	Lyon Saint-Exupéry Airport
LZG	Nanchong (Langzhong)	China	Langzhong Gucheng Airport
LZH	Liuzhou (Liujiang)	China	Liuzhou Bailian Airport / Bailian Air Base
LZN	Matsu (Nangan)	Taiwan	Matsu Nangan Airport
LZO	Luzhou (Yunlong)	China	Luzhou Yunlong Airport
LZY	Nyingchi (Mainling)	China	Nyingchi Mainling Airport
MAA	Chennai	India	Chennai International Airport
MAB	Marabá	Brazil	João Correa da Rocha Airport
MAD	Madrid	Spain	Adolfo Suárez Madrid–Barajas Airport
MAF	Midland	United States	Midland International Air and Space Port
MAG	Madang	Papua New Guinea	Madang Airport
MAH	Mahón (Maó)	Spain	Menorca Airport
MAJ	Majuro Atoll	Marshall Islands	Marshall Islands International Airport
MAK	Malakal	South Sudan	Malakal International Airport
MAM	Matamoros	Mexico	General Servando Canales International Airport
MAN	Manchester, Greater Manchester	United Kingdom	Manchester Airport
MAO	Manaus	Brazil	Eduardo Gomes International Airport
MAQ		Thailand	Mae Sot Airport
MAR	Maracaibo	Venezuela	La Chinita International Airport
MAS	Manus Island	Papua New Guinea	Momote Airport
MAU		French Polynesia	Maupiti Airport
MAZ	Mayaguez	Puerto Rico	Eugenio Maria De Hostos Airport
MBA	Mombasa	Kenya	Moi International Airport
MBD	Mafeking	South Africa	Mmabatho International Airport
MBE	Monbetsu	Japan	Monbetsu Airport
MBI	Mbeya	Tanzania	Songwe Airport
MBJ	Montego Bay	Jamaica	Sangster International Airport
MBL	Manistee	United States	Manistee County Blacker Airport
MBS	Freeland	United States	MBS International Airport
MBT	Masbate	Philippines	Moises R. Espinosa Airport
MBW	Melbourne	Australia	Melbourne Moorabbin Airport
MBX	Maribor	Slovenia	Maribor Edvard Rusjan Airport
MCE	Merced	United States	Merced Regional Macready Field
MCG	McGrath	United States	McGrath Airport
MCI	Kansas City	United States	Kansas City International Airport
MCK	McCook	United States	McCook Ben Nelson Regional Airport
MCM	Fontvieille	Monaco	Monaco Heliport
MCN	Macon	United States	Middle Georgia Regional Airport
MCO	Orlando	United States	Orlando International Airport
MCP	Macapá	Brazil	Macapá - Alberto Alcolumbre International Airport
MCT	Muscat/Seeb	Oman	Muscat International Airport
MCV	McArthur River Mine	Australia	McArthur River Mine Airport
MCW	Mason City	United States	Mason City Municipal Airport
MCX	Makhachkala	Russia	Makhachkala Uytash International Airport
MCY	Maroochydore	Australia	Sunshine Coast Airport
MCZ	Maceió	Brazil	Zumbi dos Palmares International Airport
MDC	Manado	Indonesia	Sam Ratulangi International Airport
MDE	Medellín	Colombia	Jose Maria Córdova International Airport
MDG	Mudanjiang	China	Mudanjiang Hailang International Airport
MDI	Makurdi	Nigeria	Makurdi Airport
MDK	Mbandaka	Democratic Republic of the Congo	Mbandaka Airport
MDL	Mandalay	Myanmar	Mandalay International Airport
MDQ	Mar del Plata	Argentina	Ástor Piazzola International Airport
MDT	Harrisburg	United States	Harrisburg International Airport
MDU	Mendi	Papua New Guinea	Mendi Airport
MDW	Chicago	United States	Chicago Midway International Airport
MDZ	Mendoza	Argentina	Governor Francisco Gabrielli International Airport
MEB	Essendon Fields	Australia	Melbourne Essendon Airport
MEC	Manta	Ecuador	Eloy Alfaro International Airport
MED	Medina	Saudi Arabia	Prince Mohammad Bin Abdulaziz Airport
MEE	Maré	New Caledonia	Maré Airport
MEG	Malanje	Angola	Malanje Airport
MEH	Mehamn	Norway	Mehamn Airport
MEI	Meridian	United States	Key Field / Meridian Regional Airport
MEL	Melbourne	Australia	Melbourne Airport
MEM	Memphis	United States	Frederick W. Smith International Airport
MEQ	Kuala Pesisir	Indonesia	Cut Nyak Dhien Airport
MEX	Mexico City	Mexico	Mexico City Benito Juárez International Airport
MFA	Kilindoni	Tanzania	Mafia Airport
MFE	McAllen	United States	McAllen Miller International Airport
MFG	Muzaffarabad	Pakistan	Muzaffarabad Airport
MFJ	Moala	Fiji	Moala Airport
MFK	Matsu (Beigan)	Taiwan	Matsu Beigan Airport
MFM	Nossa Senhora do Carmo	Macau	Macau International Airport
MFR	Medford	United States	Rogue Valley International-Medford Airport
MFU	Mfuwe	Zambia	Mfuwe International Airport
MGA	Managua	Nicaragua	Augusto C. Sandino (Managua) International Airport
MGB	Mount Gambier	Australia	Mount Gambier Airport
MGC	Michigan City	United States	Michigan City Municipal Airport
MGF	Maringá	Brazil	Regional de Maringá - Sílvio Name Júnior Airport
MGH	Margate	South Africa	Margate Airport
MGM	Montgomery	United States	Montgomery Regional (Dannelly Field) Airport
MGQ	Mogadishu	Somalia	Aden Adde International Airport
MGT	Milingimbi Island	Australia	Milingimbi Airport
MGW	Morgantown	United States	Morgantown Municipal Airport Walter L. (Bill) Hart Field
MGZ	Mkeik	Myanmar	Myeik Airport
MHC	Dalcahue	Chile	Mocopulli Airport
MHD	Mashhad	Iran	Mashhad International Airport
MHG	Mannheim	Germany	Mannheim-City Airport
MHH	Marsh Harbour	Bahamas	Leonard M. Thompson International Airport
MHK	Manhattan	United States	Manhattan Regional Airport
MHM	Manaoba	Solomon Islands	Manaoba Airport
MHQ	Mariehamn	Finland	Mariehamn Airport
MHT	Manchester	United States	Manchester-Boston Regional Airport
MHU	Mount Hotham	Australia	Mount Hotham Airport
MHX	Manihiki Island	Cook Islands	Manihiki Island Airport
MIA	Miami	United States	Miami International Airport
MID	Mérida	Mexico	Manuel Crescencio Rejón International Airport
MIG	Mianyang (Fucheng)	China	Mianyang Nanjiao Airport
MII	Marília	Brazil	Frank Miloye Milenkowichi–Marília State Airport
MIJ	Mili Island	Marshall Islands	Mili Island Airport
MIM	Merimbula	Australia	Merimbula Airport
MIR	Monastir	Tunisia	Monastir Habib Bourguiba International Airport
MIS	Misima Island	Papua New Guinea	Misima Island Airport
MIU	Maiduguri	Nigeria	Maiduguri International Airport
MJE	Majkin	Marshall Islands	Majkin Airport
MJF	Mosjøen	Norway	Mosjøen Airport, Kjærstad
MJI	Tripoli	Libya	Mitiga International Airport
MJK	Denham	Australia	Shark Bay Airport
MJM	Mbuji Mayi	Democratic Republic of the Congo	Mbuji Mayi Airport
MJN	Mahajanga	Madagascar	Amborovy Airport
MJT	Mytilene	Greece	Mytilene International Airport
MJY	Motygino	Russia	Motygino Airport
MJZ	Mirny	Russia	Mirny Airport
MKE	Milwaukee	United States	General Mitchell International Airport
MKG	Muskegon	United States	Muskegon County Airport
MKK	Kaunakakai	United States	Molokai Airport
MKL	Jackson	United States	McKellar-Sipes Regional Airport
MKM	Mukah	Malaysia	Mukah Airport
MKP	Makemo	French Polynesia	Makemo Airport
MKQ	Merauke	Indonesia	Mopah International Airport
MKR		Australia	Meekatharra Airport
MKU	Makokou	Gabon	Makokou Airport
MKW	Manokwari	Indonesia	Rendani Airport
MKY	Mackay	Australia	Mackay Airport
MKZ	Malacca	Malaysia	Malacca International Airport
MLA	Valletta	Malta	Malta International Airport
MLB	Melbourne	United States	Melbourne Orlando International Airport
MLE	Malé	Maldives	Velana International Airport
MLG	Malang	Indonesia	Abdul Rachman Saleh Airport
MLI	Moline	United States	Quad City International Airport
MLL	Marshall	United States	Marshall Don Hunter Sr Airport
MLM	Morelia	Mexico	General Francisco J. Mujica International Airport
MLN	Melilla	Spain	Melilla Airport
MLO	Milos Island	Greece	Milos Airport
MLU	Monroe	United States	Monroe Regional Airport
MLW	Monrovia	Liberia	Spriggs Payne Airport
MLX	Malatya	Turkey	Malatya Erhaç Airport
MLY	Manley Hot Springs	United States	Manley Hot Springs Airport
MMB	Ōzora	Japan	Memanbetsu Airport
MMD	Minamidaito	Japan	Minamidaito Airport
MME	Darlington, Durham	United Kingdom	Teesside International Airport
MMG		Australia	Mount Magnet Airport
MMH	Mammoth Lakes	United States	Mammoth Yosemite Airport
MMJ	Matsumoto	Japan	Shinshu-Matsumoto Airport
MMK	Murmansk	Russia	Emperor Nicholas II Murmansk Airport
MMO	Vila do Maio	Cape Verde	Maio Airport
MMX	Malmö	Sweden	Malmö Sturup Airport
MMY	Miyakojima	Japan	Miyako Airport
MNC	Nacala	Mozambique	Nacala International Airport
MNF	Mana Island	Fiji	Mana Island Airport
MNG	Maningrida	Australia	Maningrida Airport
MNI	Gerald's Park	Montserrat	John A. Osborne Airport
MNJ	Mananjary	Madagascar	Mananjary Airport
MNL	Manila (Pasay)	Philippines	Ninoy Aquino International Airport
MNT	Minto	United States	Minto Al Wright Airport
MNU	Mawlamyine	Myanmar	Mawlamyine Airport
MNX	Manicoré	Brazil	Manicoré Airport
MNY	Stirling Island	Solomon Islands	Mono Airport
MOB	Mobile	United States	Mobile Regional Airport
MOC	Montes Claros	Brazil	Mário Ribeiro Airport
MOF	Waioti	Indonesia	Frans Xavier Seda Airport
MOG	Mong Hsat	Myanmar	Mong Hsat Airport
MOH	Morowali	Indonesia	Maleo Airport
MOI	Mitiaro Island	Cook Islands	Mitiaro Island Airport
MOJ	Moengo	Suriname	Moengo Airstrip
MOL	Årø	Norway	Molde Airport, Årø
MOQ	Morondava	Madagascar	Morondava Airport
MOT	Minot	United States	Minot International Airport
MOU	Mountain Village	United States	Mountain Village Airport
MOV	Moranbah	Australia	Moranbah Airport
MOZ	Moorea-Maiao	French Polynesia	Moorea Temae Airport
MPA	Mpacha	Namibia	Katima Mulilo Airport
MPC	Muko Muko	Indonesia	Muko Muko Airport
MPH	Caticlan	Philippines	Godofredo P. Ramos Airport
MPL	Montpellier/Méditerranée	France	Montpellier-Méditerranée Airport
MPM	Maputo	Mozambique	Maputo Airport
MPN	Mount Pleasant	Falkland Islands	Mount Pleasant Airport / RAF Mount Pleasant
MPW	Mariupol	Ukraine	Mariupol International Airport
MPY	Maripasoula	French Guiana	Maripasoula Airport
MQC	Miquelon	Saint Pierre and Miquelon	Miquelon Airport
MQF	Magnitogorsk	Russia	Magnitogorsk International Airport
MQJ	Khonuu	Russia	Moma Airport
MQL	Mildura	Australia	Mildura Airport
MQM	Mardin	Turkey	Mardin Airport
MQN	Mo i Rana	Norway	Mo i Rana Airport, Røssvoll
MQP	Mbombela	South Africa	Kruger Mpumalanga International Airport
MQS	Lovell	Saint Vincent and the Grenadines	Mustique Airport
MQT	Gwinn	United States	Marquette/Sawyer International Airport
MQX	Mekele	Ethiopia	Mekele Alula Aba Nega Airport
MRA	Misrata	Libya	Misrata International Airport
MRE	Serena	Kenya	Mara Serena Lodge Airstrip
MRI	Anchorage	United States	Merrill Field
MRS	Marignane, Bouches-du-Rhône	France	Marseille Provence Airport
MRU	Plaine Magnien	Mauritius	Sir Seewoosagur Ramgoolam International Airport
MRV	Mineralnyye Vody	Russia	Mineralnye Vody Airport
MRX	Mahshahr	Iran	Mahshahr Airport
MRY	Monterey	United States	Monterey Regional Airport
MRZ	Moree	Australia	Moree Airport
MSA	Muskrat Dam	Canada	Muskrat Dam Airport
MSJ	Misawa	Japan	Misawa Airport / Misawa Air Base
MSL	Muscle Shoals	United States	Northwest Alabama Regional Airport
MSN	Madison	United States	Dane County Regional Truax Field
MSO	Missoula	United States	Missoula Montana Airport
MSP	Minneapolis	United States	Minneapolis–Saint Paul International Airport / Wold–Chamberlain Field
MSQ	Minsk	Belarus	Minsk National Airport
MSR	Muş	Turkey	Muş Airport
MSS	Massena	United States	Massena International Airport Richards Field
MST	Maastricht	Netherlands	Maastricht Aachen Airport
MSU	Maseru(Mazenod)	Lesotho	Moshoeshoe I International Airport
MSY	New Orleans	United States	Louis Armstrong New Orleans International Airport
MSZ	Moçâmedes	Angola	Welwitschia Mirabilis International Airport
MTF	Mizan Teferi	Ethiopia	Mizan Teferi Airport
MTJ	Montrose	United States	Montrose Regional Airport
MTM	Metlakatla	United States	Metlakatla Seaplane Base
MTP	Montauk	United States	Montauk Airport
MTR	Montería	Colombia	Los Garzones Airport
MTT	Cosoleacaque	Mexico	Minatitlán/Coatzacoalcos International Airport
MTY	Monterrey	Mexico	Monterrey International Airport
MUA	Munda	Solomon Islands	Munda Airport
MUB	Maun	Botswana	Maun International Airport
MUC	Munich	Germany	Munich Airport
MUE	Waimea (Kamuela)	United States	Waimea Kohala Airport
MUH	Marsa Matruh	Egypt	Mersa Matruh International Airport
MUK	Mauke Island	Cook Islands	Mauke Airport
MUN	Maturín	Venezuela	José Tadeo Monagas International Airport
MUR	Marudi	Malaysia	Marudi Airport
MUX	Multan	Pakistan	Multan International Airport
MUZ	Musoma	Tanzania	Musoma Airport
MVB	Franceville	Gabon	M'Vengue El Hadj Omar Bongo Ondimba International Airport
MVD	Ciudad de la Costa	Uruguay	Carrasco General Cesáreo L. Berisso International Airport
MVF	Mossoró	Brazil	Dix-Sept Rosado Airport
MVP	Mitú	Colombia	Fabio Alberto Leon Bentley Airport
MVQ	Mogilev	Belarus	Mogilev Airport
MVR	Maroua	Cameroon	Salak Airport
MVT		French Polynesia	Mataiva Airport
MVY	Martha's Vineyard	United States	Martha's Vineyard Airport
MWA	Marion	United States	Veterans Airport of Southern Illinois
MWL	Mineral Wells	United States	Mineral Wells Regional Airport
MWQ	Magway	Myanmar	Magway Airport
MWX	Muan (Piseo-ri)	South Korea	Muan International Airport
MWZ	Mwanza	Tanzania	Mwanza International Airport
MXH	Moro	Papua New Guinea	Moro Airport
MXL	Mexicali	Mexico	General Rodolfo Sánchez Taboada International Airport
MXP	Ferno (VA)	Italy	Milan Malpensa International Airport
MXV	Mörön	Mongolia	Mörön Airport
MXW	Mandalgobi	Mongolia	Mandalgobi Airport
MXX	Mora	Sweden	Mora Airport
MXZ	Meizhou (Meixian)	China	Meizhou Meixian Changgangji International Airport
MYA	Moruya	Australia	Moruya Airport
MYD	Malindi	Kenya	Malindi International Airport
MYE	Miyakejima	Japan	Miyakejima Airport
MYG	Abraham Bay Settlement	Bahamas	Mayaguana Airport
MYI	Murray Island	Australia	Murray Island Airport
MYJ	Matsuyama	Japan	Matsuyama Airport
MYK	May Creek	United States	May Creek Airport
MYL	McCall	United States	McCall Municipal Airport
MYP	Mary	Turkmenistan	Mary International Airport
MYQ	Mysore	India	Mysore Airport
MYR	Myrtle Beach	United States	Myrtle Beach International Airport
MYT	Myitkyina	Myanmar	Myitkyina Airport
MYU	Mekoryuk	United States	Mekoryuk Airport
MYW	Mtwara	Tanzania	Mtwara Airport
MYY	Miri	Malaysia	Miri Airport
MZG	Huxi	Taiwan	Penghu Magong Airport
MZH	Amasya	Turkey	Amasya Merzifon Airport
MZI	Sévaré	Mali	Mopti Airport
MZL	Manizales	Colombia	La Nubia Airport
MZO	Manzanillo	Cuba	Sierra Maestra International Airport
MZQ	Mkuze	South Africa	Mkuze Airport
MZR	Mazar-i-Sharif	Afghanistan	Mazar-i-Sharif International Airport
MZS	Moradabad	India	Moradabad Airport
MZT	Mazatlàn	Mexico	General Rafael Buelna International Airport
MZV	Mulu	Malaysia	Mulu Airport
MZW	Mecheria	Algeria	Mecheria Airport
NAA	Narrabri	Australia	Narrabri Airport
NAG	Nagpur	India	Dr. Babasaheb Ambedkar International Airport
NAH	Tabukan Utara, Sangihe Islands	Indonesia	Naha Airport
NAJ	Nakhchivan	Azerbaijan	Nakhchivan International Airport
NAL	Nalchik	Russia	Nalchik Airport
NAM	Namniwel	Indonesia	Namniwel Airport
NAN	Nadi	Fiji	Nadi International Airport
NAO	Nanchong (Gaoping)	China	Nanchong Gaoping Airport
NAP	Napoli	Italy	Naples International Airport
NAQ	Qaanaaq	Greenland	Qaanaaq Airport
NAS	Nassau	Bahamas	Lynden Pindling International Airport
NAT	Natal	Brazil	Rio Grande do Norte/São Gonçalo do Amarante–Governador Aluízio Alves International Airport
NAU	Napuka Island	French Polynesia	Napuka Island Airport
NAV	Nevşehir	Turkey	Nevşehir Kapadokya Airport
NAW		Thailand	Narathiwat Airport
NBC	Nizhnekamsk	Russia	Begishevo Airport
NBE	Enfidha	Tunisia	Enfidha - Hammamet International Airport
NBJ	Luanda (Ícolo e Bengo)	Angola	Dr. Antonio Agostinho Neto International Airport
NBN	San Antonio de Palé	Equatorial Guinea	Annobón Airport
NBO	Nairobi	Kenya	Jomo Kenyatta International Airport
NBS	Baishan	China	Changbaishan Airport
NCA	North Caicos	Turks and Caicos Islands	North Caicos Airport
NCE	Nice, Alpes-Maritimes	France	Nice-Côte d'Azur Airport
NCL	Newcastle upon Tyne, Tyne and Wear	United Kingdom	Newcastle International Airport
NCN	Chenega	United States	Chenega Bay Airport
NCU	Nukus	Uzbekistan	Nukus International Airport
NCY	Annecy	France	Annecy Meythet airport
NDB	Nouadhibou	Mauritania	Nouadhibou International Airport
NDC	Nanded	India	Nanded Airport
NDG	Qiqihar	China	Qiqihar Sanjiazi Airport
NDJ	N'Djamena	Chad	N'Djamena International Airport
NDR	Al Aaroui	Morocco	Nador Al Aaroui International Airport
NDU	Rundu	Namibia	Rundu Airport
NDY	Sanday	United Kingdom	Sanday Airport
NEC	Necochea	Argentina	Necochea Airport
NER	Neryungri	Russia	Chulman Airport
NEV	Charlestown	Saint Kitts and Nevis	Vance W. Amory International Airport
NGB	Ningbo	China	Ningbo Lishe International Airport
NGE	N'Gaoundéré	Cameroon	N'Gaoundéré Airport
NGI	Ngau	Fiji	Ngau Airport
NGK	Nogliki	Russia	Nogliki Airport
NGO	Tokoname	Japan	Chubu Centrair International Airport
NGQ	Shiquanhe	China	Ngari Gunsa Airport
NGS	Nagasaki	Japan	Nagasaki Airport
NHV	Nuku Hiva	French Polynesia	Nuku Hiva Airport
NIB	Nikolai	United States	Nikolai Airport
NIM	Niamey	Niger	Diori Hamani International Airport
NIQ	Niaqornat	Greenland	Niaqornat Heliport
NIU	Naiu Atoll	French Polynesia	Naiu Airport
NJC	Nizhnevartovsk	Russia	Nizhnevartovsk Airport
NJF	Najaf	Iraq	Al Najaf International Airport
NKC	Nouakchott	Mauritania	Nouakchott–Oumtounsy International Airport
NKG	Nanjing	China	Nanjing Lukou International Airport
NKI	Tuxekan Island	United States	Naukati Bay Seaplane Base
NKM	Nagoya	Japan	Nagoya Airport / JASDF Komaki Air Base
NKT	Şırnak	Turkey	Şırnak Şerafettin Elçi Airport
NLA	Ndola	Zambia	Simon Mwansa Kapwepwe International Airport
NLD	Nuevo Laredo	Mexico	Quetzalcóatl International Airport
NLF	Darnley Island	Australia	Darnley Island Airport
NLG	Nelson Lagoon	United States	Nelson Lagoon Airport
NLH	Ninglang	China	Ninglang Luguhu Airport
NLI	Nikolayevsk-na-Amure Airport	Russia	Nikolayevsk-na-Amure Airport
NLK	Burnt Pine	Norfolk Island	Norfolk Island International Airport
NLT	Xinyuan	China	Xinyuan Nalati Airport
NLU	Mexico City	Mexico	Felipe Ángeles International Airport
NMA	Namangan	Uzbekistan	Namangan International Airport
NME	Nightmute	United States	Nightmute Airport
NMF	Noonu Atoll	Maldives	Maafaru International Airport
NMI	Navi Mumbai	India	Navi Mumbai International Airport
NNB	Santa Ana Island	Solomon Islands	Santa Ana Airport
NNG	Nanning (Jiangnan)	China	Nanning Wuxu International Airport
NNM	Naryan Mar	Russia	Naryan Mar Airport
NNR	Inverin	Ireland	Connemara Regional Airport
NNT		Thailand	Nan Airport
NNY	Nanyang (Wancheng)	China	Nanyang Jiangying Airport
NOB	Nicoya	Costa Rica	Nosara Airport
NOC	Charlestown	Ireland	Ireland West Airport Knock
NOD	Norddeich	Germany	Norden-Norddeich Airport
NOJ	Noyabrsk	Russia	Noyabrsk Airport
NOP	Sinop	Turkey	Sinop Airport
NOS	Nosy Be	Madagascar	Nosy Be International Airport
NOU	Nouméa (La Tontouta)	New Caledonia	La Tontouta International Airport
NOV	Huambo	Angola	Albano Machado Airport
NOZ	Novokuznetsk	Russia	Spichenkovo Airport
NPE	Napier	New Zealand	Hawke's Bay Airport
NPL	New Plymouth	New Zealand	New Plymouth Airport
NPO	Nanga Pinoh-Borneo Island	Indonesia	Nanga Pinoh Airport
NPT	Newport	United States	Newport State Airport
NQN	Neuquén	Argentina	Presidente Perón International Airport
NQU	Nuquí	Colombia	Reyes Murillo Airport
NQY	Newquay	United Kingdom	Cornwall Airport Newquay
NQZ	Astana	Kazakhstan	Nursultan Nazarbayev International Airport
NRA	Narrandera	Australia	Narrandera Airport
NRD	Norderney	Germany	Norderney Airport
NRK	Norrköping	Sweden	Norrköping Airport
NRL	North Ronaldsay	United Kingdom	North Ronaldsay Airport
NRN	Weeze	Germany	Weeze (Niederrhein) Airport
NRR	Ceiba	Puerto Rico	José Aponte de la Torre Airport
NRT	Narita	Japan	Narita International Airport
NSB	Bimini	Bahamas	Bimini North Seaplane Base
NSH	Nowshahr	Iran	Nowshahr Airport
NSI	Yaoundé	Cameroon	Yaoundé Nsimalen International Airport
NSK	Norilsk	Russia	Alykel International Airport
NSN	Nelson	New Zealand	Nelson Airport
NST	Nakhon Si Thammarat	Thailand	Nakhon Si Thammarat Airport
NTE	Nantes	France	Nantes Atlantique Airport
NTG	Nantong (Tongzhou)	China	Nantong Xingdong International Airport
NTL	Williamtown	Australia	Newcastle Airport
NTN	Normanton	Australia	Normanton Airport
NTQ	Wajima	Japan	Noto Satoyama Airport
NTT	Niuatoputapu	Tonga	Kuini Lavenia Airport
NTX	Ranai-Natuna Besar Island	Indonesia	Ranai Airport
NUE	Nuremberg	Germany	Nuremberg Airport
NUI	Nuiqsut	United States	Nuiqsut Airport
NUL	Nulato	United States	Nulato Airport
NUM	Sharma	Saudi Arabia	Neom Bay Airport
NUP	Nunapitchuk	United States	Nunapitchuk Airport
NUS	Norsup	Vanuatu	Norsup Airport
NUX	Novy Urengoy	Russia	Novy Urengoy Airport
NVA	Neiva	Colombia	Benito Salas Airport
NVI	Navoi	Uzbekistan	Navoi International Airport
NVT	Navegantes	Brazil	Ministro Victor Konder International Airport
NWI	Norwich, Norfolk	United Kingdom	Norwich Airport
NYA	Nyagan	Russia	Nyagan Airport
NYI	Sunyani	Ghana	Sunyani Airport
NYK	Gathiuru	Kenya	Nanyuki Civil Airport
NYM	Nadym	Russia	Nadym Airport
NYO	Nyköping	Sweden	Stockholm Skavsta Airport
NYS	New York	United States	New York Skyports Inc Seaplane Base
NYT	Naypyitaw	Myanmar	Nay Pyi Taw International Airport
NYU	Nyaung U	Myanmar	Bagan Airport
NZC	Nazca	Peru	Maria Reiche Neuman Airport
NZG	Nizhneangarsk	Russia	Nizhneangarsk International Airport
NZH	Manzhouli	China	Manzhouli Xijiao Airport
NZL	Zhalantun	China	Zhalantun Genghis Khan Airport
OAJ	Richlands	United States	Albert J Ellis Airport
OAK	Oakland	United States	Oakland San Francisco Bay Airport
OAL	Cacoal	Brazil	Cacoal Airport
OAX	Oaxaca	Mexico	Xoxocotlán International Airport
OBN	North Connel	United Kingdom	Oban Airport
OBO	Obihiro	Japan	Tokachi-Obihiro Airport
OBU	Kobuk	United States	Kobuk Airport
OBX	Obo	Papua New Guinea	Obo Airport
OBY	Ittoqqortoormiit	Greenland	Ittoqqortoormiit Heliport
OCC	Coca	Ecuador	Francisco De Orellana Airport
OCE	Ocean City	United States	Ocean City Municipal Airport
OCJ	Boscobel	Jamaica	Ian Fleming International Airport
OCS	Corisco Island	Equatorial Guinea	Corisco International Airport
ODB	Córdoba	Spain	Córdoba Airport
ODE	Odense	Denmark	Odense Hans Christian Andersen Airport
ODN	Long Seridan	Malaysia	Long Seridan Airport
ODO	Bodaybo	Russia	Bodaybo Airport
ODY	Oudomsay	Laos	Oudomsay Airport
OEC	Oecussi-Ambeno	Timor-Leste	Oecusse Route of the Sandalwood International Airport
OER	Örnsköldsvik	Sweden	Örnsköldsvik Airport
OES	San Antonio Oeste	Argentina	Antoine de Saint Exupéry Airport
OFU	Ofu	American Samoa	Ofu Airport
OGD	Ogden	United States	Ogden Hinckley Airport
OGG	Kahului	United States	Kahului International Airport
OGL	Ogle	Guyana	Eugene F. Correia International Airport
OGN	Yonaguni	Japan	Yonaguni Airport
OGS	Ogdensburg	United States	Ogdensburg International Airport
OGU	Ordu	Turkey	Ordu–Giresun Airport
OGX	Ouargla	Algeria	Ain Beida Airport
OGZ	Beslan	Russia	Vladikavkaz Beslan International Airport
OHD	Ohrid	North Macedonia	Ohrid St. Paul the Apostle Airport
OHE	Mohe	China	Mohe Gulian Airport
OHO	Okhotsk	Russia	Okhotsk Airport
OHS	Suhar	Oman	Suhar International Airport
OIM	Izu Oshima	Japan	Oshima Airport
OIR	Okushiri Island	Japan	Okushiri Airport
OIT	Oita	Japan	Oita Airport
OJU	Tojo Una-Una	Indonesia	Tanjung Api Airport
OKA	Naha	Japan	Naha International Airport
OKC	Oklahoma City	United States	OKC Will Rogers World Airport
OKD	Sapporo	Japan	Sapporo Okadama Airport
OKE	Wadomari	Japan	Okinoerabu Airport
OKI	Okinoshima	Japan	Oki Global Geopark Airport
OKJ	Okayama	Japan	Okayama Momotaro Airport
OKL	Oksibil	Indonesia	Oksibil Airport
OKR	Yorke Island	Australia	Yorke Island Airport
OKY		Australia	Oakey Army Aviation Centre
OLA	Ørland	Norway	Ørland Airport
OLB	Olbia (SS)	Italy	Olbia Costa Smeralda Airport
OLF	Wolf Point	United States	L M Clayton Airport
OLH	Old Harbor	United States	Old Harbor Airport
OLJ	Olpoi	Vanuatu	North West Santo Airport
OLM	Olympia	United States	Olympia Regional Airport
OLP	Olympic Dam	Australia	Olympic Dam Airport
OLZ	Olyokminsk	Russia	Olyokminsk Airport
OMA	Omaha	United States	Eppley Airfield
OMD	Oranjemund	Namibia	Oranjemund Airport
OME	Nome	United States	Nome Airport
OMH	Urmia	Iran	Urmia Airport
OMN	Zomin	Uzbekistan	Zomin Airport
OMO	Mostar	Bosnia and Herzegovina	Mostar International Airport
OMR	Oradea	Romania	Oradea International Airport
OMS	Omsk	Russia	Omsk Central Airport
OND	Ondangwa	Namibia	Ondangwa Airport
ONG		Australia	Mornington Island Airport
ONJ	Kitaakita	Japan	Odate Noshiro Airport
ONQ	Zonguldak	Turkey	Zonguldak Çaycuma Airport
ONT	Ontario	United States	Ontario International Airport
ONX	Colón	Panama	Enrique Adolfo Jimenez Airport
OOK	Toksook Bay	United States	Toksook Bay Airport
OOL	Gold Coast	Australia	Gold Coast Airport
OOM	Cooma	Australia	Cooma Snowy Mountains Airport
OPF	Miami	United States	Miami-Opa Locka Executive Airport
OPO	Porto	Portugal	Francisco de Sá Carneiro Airport
OPP	Salinópolis	Brazil	Salinópolis Airport
OPS	Sinop	Brazil	Presidente João Batista Figueiredo Airport
OPU	Balimo	Papua New Guinea	Balimo Airport
ORB	Örebro	Sweden	Örebro Airport
ORD	Chicago	United States	Chicago O'Hare International Airport
ORF	Norfolk	United States	Norfolk International Airport
ORG	Paramaribo	Suriname	Zorg en Hoop Airport
ORH	Worcester	United States	Worcester Regional Airport
ORI	Port Lions	United States	Port Lions Airport
ORK	Cork	Ireland	Cork International Airport
ORN	Es-Sénia	Algeria	Oran Es-Sénia (Ahmed Ben Bella) International Airport
ORT	Northway	United States	Northway Airport
ORU	Oruro	Bolivia	Juan Mendoza International Airport
ORV	Noorvik	United States	Robert (Bob) Curtis Memorial Airport
ORY	Paris (Orly, Val-de-Marne)	France	Paris-Orly Airport
ORZ	Orange Walk	Belize	H.E Alfredo Martinez (Tower Hill) Airstrip
OSD	Östersund	Sweden	Åre Östersund Airport
OSI	Osijek(Klisa)	Croatia	Osijek Airport
OSL	Oslo (Gardermoen)	Norway	Oslo-Gardermoen International Airport
OSR	Mošnov	Czech Republic	Leoš Janáček Airport Ostrava
OSS	Osh	Kyrgyzstan	Osh International Airport
OST	Oostende	Belgium	Ostend-Bruges International Airport
OSW	Orsk	Russia	Orsk Airport
OSY	Namsos	Norway	Namsos Airport
OTD	Contadora Island	Panama	Raul Arias Espinoza Airport
OTH	North Bend	United States	Southwest Oregon Regional Airport
OTP	Otopeni	Romania	Bucharest Henri Coandă International Airport
OTS	Anacortes	United States	Anacortes Airport
OTZ	Kotzebue	United States	Ralph Wien Memorial Airport
OUA	Ouagadougou	Burkina Faso	Ouagadougou Thomas Sankara International Airport
OUD	Ahl Angad	Morocco	Oujda Angads Airport
OUI	Ushant	France	Ouessant Airport
OUL	Oulu / Oulunsalo	Finland	Oulu Airport
OUZ	Zouérate	Mauritania	Tazadit Airport
OVB	Novosibirsk	Russia	Novosibirsk Tolmachevo Airport
OVD	Ranón	Spain	Asturias Airport
OVS	Sovetskiy	Russia	Sovetskiy Airport
OWB	Owensboro	United States	Owensboro Daviess County Airport
OXB	Bissau	Guinea-Bissau	Osvaldo Vieira International Airport
OYE	Oyem	Gabon	Oyem Airport
OZC	Ozamiz	Philippines	Labo Airport
OZG	Zagora	Morocco	Zagora Airport
OZZ	Ouarzazate	Morocco	Ouarzazate International Airport
PAB	Bilaspur	India	Bilaspur Airport
PAC	Albrook	Panama	Marcos A. Gelabert International Airport
PAD	Büren	Germany	Paderborn Lippstadt Airport
PAE	Everett	United States	Seattle Paine Field International Airport
PAG	Pagadian	Philippines	Pagadian Airport
PAH	Paducah	United States	Barkley Regional Airport
PAP	Port-au-Prince	Haiti	Toussaint Louverture International Airport
PAS	Paros	Greece	Paros National Airport
PAT	Patna	India	Jay Prakash Narayan Airport
PAV	Paulo Afonso	Brazil	Paulo Afonso Airport
PAZ	Poza Rica	Mexico	El Tajín National Airport
PBC	Puebla	Mexico	Hermanos Serdán International Airport
PBD	Porbandar	India	Porbandar Airport
PBG	Plattsburgh	United States	Plattsburgh International Airport
PBH	Paro	Bhutan	Paro International Airport
PBI	West Palm Beach	United States	President Donald J. Trump International Airport
PBJ	Paama Island	Vanuatu	Tavie Airport
PBM	Paramaribo	Suriname	Johan Adolf Pengel International Airport
PBO	Paraburdoo	Australia	Paraburdoo Airport
PBR	Puerto Barrios	Guatemala	Puerto Barrios Airport
PBU	Putao	Myanmar	Putao Airport
PCL	Pucallpa	Peru	Cap FAP David Abenzur Rengifo International Airport
PCN	Koromiko	New Zealand	Picton Aerodrome
PCP	São Tomé & Príncipe	São Tomé and Principe	Principe Airport
PCR	Puerto Carreño	Colombia	German Olano Airport
PDA	Puerto Inírida	Colombia	Obando Cesar Gaviria Trujillo Airport
PDB	Pedro Bay	United States	Pedro Bay Airport
PDG	Padang (Katapiang)	Indonesia	Minangkabau International Airport
PDK	Atlanta	United States	DeKalb Peachtree Airport
PDL	Ponta Delgada	Portugal	João Paulo II Airport
PDM	Pedasí	Panama	Capt. J. Montenegro Airport
PDO	Talang Gudang-Sumatra Island	Indonesia	Pendopo Airport
PDP	Punta del Este	Uruguay	Capitan Corbeta CA Curbelo International Airport
PDS	Piedras Negras	Mexico	Piedras Negras International Airport
PDT	Pendleton	United States	Eastern Oregon Regional Airport at Pendleton
PDV	Plovdiv	Bulgaria	Plovdiv International Airport
PDX	Portland	United States	Portland International Airport
PEC	Pelican	United States	Pelican Seaplane Base
PED	Pardubice	Czech Republic	Pardubice Airport
PEE	Perm	Russia	Perm International Airport
PEG	Perugia (PG)	Italy	Perugia San Francesco d'Assisi – Umbria International Airport
PEI	Pereira	Colombia	Matecaña International Airport
PEK	Beijing	China	Beijing Capital International Airport
PEM	Puerto Maldonado	Peru	Padre Aldamiz International Airport
PEN	Penang	Malaysia	Penang International Airport
PER	Perth	Australia	Perth International Airport
PES	Petrozavodsk	Russia	Petrozavodsk Airport
PET	Pelotas	Brazil	João Simões Lopes Neto International Airport
PEU	Puerto Lempira	Honduras	Puerto Lempira Airport
PEV	Pécs	Hungary	Pécs-Pogány International Airport
PEW	Peshawar	Pakistan	Bacha Khan International Airport
PEX	Pechora	Russia	Pechora Airport
PEZ	Penza	Russia	Penza Airport
PFB	Passo Fundo	Brazil	Lauro Kurtz Airport
PFO	Paphos	Cyprus	Paphos International Airport
PFQ	Parsabad	Iran	Parsabad-Moghan Airport
PFR	Ilebo	Democratic Republic of the Congo	Ilebo Airport
PGA	Page	United States	Page Municipal Airport
PGD	Punta Gorda	United States	Punta Gorda Airport
PGF	Perpignan/Rivesaltes	France	Perpignan-Rivesaltes (Llabanère) Airport
PGH	Pantnagar	India	Pantnagar Airport
PGK	Pangkal Pinang	Indonesia	Depati Amir Airport
PGM	Port Graham	United States	Port Graham Airport
PGU	Khiyaroo	Iran	Persian Gulf International Airport
PGV	Greenville	United States	Pitt-Greenville Airport
PGZ	Ponta Grossa	Brazil	Ponta Grossa Airport - Comandante Antonio Amilton Beraldo
PHB	Parnaíba	Brazil	Parnaíba - Prefeito Doutor João Silva Filho International Airport
PHC	Port Harcourt	Nigeria	Port Harcourt International Airport
PHE	Port Hedland	Australia	Port Hedland International Airport
PHF	Newport News	United States	Newport News Williamsburg International Airport
PHG	Port Harcourt	Nigeria	Port Harcourt City Airport / Port Harcourt Air Force Base
PHH	Pokhara	Nepal	Pokhara International Airport
PHL	Philadelphia	United States	Philadelphia International Airport
PHO	Point Hope	United States	Point Hope Airport
PHS	Phitsanulok	Thailand	Phitsanulok Airport
PHW	Phalaborwa	South Africa	Hendrik Van Eck Airport
PHX	Phoenix	United States	Phoenix Sky Harbor International Airport
PHY		Thailand	Phetchabun Airport
PIA	Peoria	United States	General Wayne A. Downing Peoria International Airport
PIB	Moselle	United States	Hattiesburg Laurel Regional Airport
PIE	Pinellas Park	United States	St. Petersburg Clearwater International Airport
PIH	Pocatello	United States	Pocatello Regional Airport
PIK	Prestwick, South Ayrshire	United Kingdom	Glasgow Prestwick Airport
PIP	Pilot Point	United States	Pilot Point Airport
PIR	Pierre	United States	Pierre Regional Airport
PIS	Poitiers/Biard	France	Poitiers-Biard Airport
PIT	Pittsburgh	United States	Pittsburgh International Airport
PIU	Piura	Peru	PAF Captain Guillermo Concha Iberico International Airport
PIX	Pico Island	Portugal	Pico Airport
PIZ	Point Lay	United States	Point Lay LRRS Airport
PJA	Pajala	Sweden	Pajala Airport
PJM	Puerto Jimenez	Costa Rica	Puerto Jimenez Airport
PKA	Napaskiak	United States	Napaskiak Airport
PKB	Parkersburg (Williamstown)	United States	Mid Ohio Valley Regional Airport
PKC	Petropavlovsk-Kamchatsky	Russia	Yelizovo Airport
PKE	Parkes	Australia	Parkes Airport
PKG	Pangkor Island	Malaysia	Pulau Pangkor Airport
PKN	Pangkalanbun	Indonesia	Iskandar Airport
PKP		French Polynesia	Puka Puka Airport
PKR	Pokhara	Nepal	Pokhara Domestic Airport
PKU	Pekanbaru	Indonesia	Sultan Syarif Kasim II International Airport / Roesmin Nurjadin AFB
PKV	Pskov	Russia	Princess Olga Pskov International Airport
PKX	Beijing	China	Beijing Daxing International Airport
PKY	Palangkaraya	Indonesia	Tjilik Riwut Airport
PKZ	Pakse	Laos	Pakse International Airport
PLJ	Placencia	Belize	Placencia Airport
PLM	Palembang	Indonesia	Sultan Mahmud Badaruddin II Airport
PLN	Pellston	United States	Pellston Regional Airport of Emmet County Airport
PLO	Port Lincoln	Australia	Port Lincoln Airport
PLQ	Palanga	Lithuania	Palanga International Airport
PLS	Providenciales	Turks and Caicos Islands	Providenciales International Airport
PLW	Palu	Indonesia	Mutiara - SIS Al-Jufrie Airport
PLX	Semey	Kazakhstan	Semei International Airport
PLZ	Gqeberha (Port Elizabeth)	South Africa	Chief Dawid Stuurman International Airport
PMC	Puerto Montt	Chile	El Tepual International Airport
PMF	Parma (PR)	Italy	Parma Airport
PMG	Ponta Porã	Brazil	Ponta Porã Airport
PMI	Palma de Mallorca	Spain	Palma de Mallorca Airport
PMK		Australia	Palm Island Airport
PMO	Palermo	Italy	Falcone–Borsellino Airport
PMQ	Perito Moreno	Argentina	Perito Moreno Jalil Hamer Airport
PMR	Palmerston North	New Zealand	Palmerston North Airport
PMV	Isla Margarita	Venezuela	Del Caribe Santiago Mariño International Airport
PMW	Palmas	Brazil	Brigadeiro Lysias Rodrigues Airport
PMY	Puerto Madryn	Argentina	El Tehuelche Airport
PNA	Pamplona	Spain	Pamplona Airport
PND	Punta Gorda	Belize	Punta Gorda Airport
PNI	Pohnpei Island	Micronesia	Pohnpei International Airport
PNK	Pontianak	Indonesia	Supadio International Airport
PNL	Pantelleria (TP)	Italy	Pantelleria Airport
PNP	Popondetta	Papua New Guinea	Girua Airport
PNQ	Pune	India	Pune International Airport
PNR	Pointe Noire	Republic of the Congo	Antonio Agostinho-Neto International Airport
PNS	Pensacola	United States	Pensacola International Airport
PNT	Puerto Natales	Chile	Lieutenant Julio Gallardo Airport
PNY	Puducherry (Pondicherry)	India	Pondicherry Airport
PNZ	Petrolina	Brazil	Senador Nilo Coelho Airport
POA	Porto Alegre	Brazil	Porto Alegre-Salgado Filho International Airport
POG	Port Gentil	Gabon	Port Gentil International Airport
POL	Pemba	Mozambique	Pemba Airport
POM	Port Moresby	Papua New Guinea	Port Moresby Jacksons International Airport
POP	Puerto Plata	Dominican Republic	Gregorio Luperon International Airport
POR	Pori	Finland	Pori Airport
POS	Port of Spain	Trinidad and Tobago	Piarco International Airport
POZ	Poznań	Poland	Poznań-Ławica Airport
PPB	Presidente Prudente	Brazil	Presidente Prudente Airport
PPE	Puerto Peñasco	Mexico	Mar de Cortés International Airport
PPG	Pago Pago	American Samoa	Pago Pago International Airport
PPK	Petropavl	Kazakhstan	Petropavl International Airport
PPN	Popayán	Colombia	Guillermo León Valencia Airport
PPP	Proserpine	Australia	Proserpine Whitsunday Coast Airport
PPS	Puerto Princesa	Philippines	Puerto Princesa International Airport / PAF Antonio Bautista Air Base
PPT	Papeete	French Polynesia	Fa'a'ā International Airport
PPV	Port Protection	United States	Port Protection Seaplane Base
PPW	Papa Westray, Orkney Islands	United Kingdom	Papa Westray Airport
PQC	Phu Quoc Island	Vietnam	Phú Quốc International Airport
PQI	Presque Isle	United States	Presque Isle International Airport
PQQ	Port Macquarie	Australia	Port Macquarie Airport
PQS	Pilot Station	United States	Pilot Station Airport
PQT	Qeqertaq	Greenland	Qeqertaq Heliport
PRA	Parana	Argentina	General Urquiza Airport
PRC	Prescott	United States	Prescott Regional Airport - Ernest A. Love Field
PRG	Prague	Czech Republic	Václav Havel Airport Prague
PRI	Praslin Island	Seychelles	Praslin Island Airport
PRM	Portimão	Portugal	Portimão Airport
PRN	Prishtina	Kosovo	Priština Adem Jashari International Airport
PSA	Pisa (PI)	Italy	Pisa International Airport
PSC	Pasco	United States	Tri Cities Airport
PSD	Port Said	Egypt	Port Said International Airport
PSE	Ponce	Puerto Rico	Mercedita International Airport
PSG	Petersburg	United States	Petersburg James A Johnson Airport
PSM	Portsmouth	United States	Portsmouth International Airport at Pease
PSO	Chachagüí	Colombia	Antonio Nariño Airport
PSP	Palm Springs	United States	Palm Springs International Airport
PSR	Pescara	Italy	Abruzzo Airport
PSS	Posadas	Argentina	Libertador Gral D Jose De San Martin Airport
PSU	Putussibau-Borneo Island	Indonesia	Pangsuma Airport
PSY	Stanley	Falkland Islands	Port Stanley Airport
PSZ	Puerto Suárez	Bolivia	Capitán Av. Salvador Ogaya G. airport
PTA	Port Alsworth	United States	Port Alsworth Airport
PTD	Port Alexander	United States	Port Alexander Seaplane Base
PTF	Malolo Lailai Island	Fiji	Malolo Lailai Island Airport
PTG	Polokwane	South Africa	Polokwane International Airport
PTH	Port Heiden	United States	Port Heiden Airport
PTJ		Australia	Portland Airport
PTO	Pato Branco	Brazil	Juvenal Loureiro Cardoso Airport
PTP	Pointe-à-Pitre	Guadeloupe	Maryse Condé International Airport
PTU	Platinum	United States	Platinum Airport
PTY	Tocumen	Panama	Tocumen International Airport
PUB	Pueblo	United States	Pueblo Memorial Airport
PUD	Puerto Deseado	Argentina	Puerto Deseado Airport
PUF	Pau/Pyrénées (Uzein)	France	Pau Pyrénées Airport
PUG		Australia	Port Augusta Airport
PUJ	Punta Cana	Dominican Republic	Punta Cana International Airport
PUQ	Punta Arenas	Chile	President Carlos Ibáñez International Airport
PUR	Puerto Rico/Manuripi	Bolivia	Puerto Rico Airport
PUS	Busan	South Korea	Gimhae International Airport
PUU	Puerto Asís	Colombia	Tres De Mayo Airport
PUW	Pullman	United States	Pullman-Moscow Regional Airport
PUY	Pula	Croatia	Pula Airport
PUZ	Puerto Cabezas	Nicaragua	Puerto Cabezas Airport
PVA	Providencia	Colombia	El Embrujo Airport
PVD	Providence/Warwick	United States	Rhode Island T. F. Green International Airport
PVG	Shanghai (Pudong)	China	Shanghai Pudong International Airport
PVH	Porto Velho	Brazil	Governador Jorge Teixeira de Oliveira International Airport
PVK	Preveza	Greece	Aktion National Airport
PVR	Puerto Vallarta	Mexico	Puerto Vallarta International Airport
PVU	Provo	United States	Provo Municipal Airport
PWE	Apapelgino	Russia	Pevek Airport
PWM	Portland	United States	Portland International Jetport
PWQ	Pavlodar	Kazakhstan	Pavlodar International Airport
PXH	Mount Eba	Australia	Prominent Hill Airport
PXM	Puerto Escondido	Mexico	Puerto Escondido International Airport
PXO	Vila Baleira	Portugal	Porto Santo Airport
PXR	Surin	Thailand	Surin Airport
PXU	Pleiku	Vietnam	Pleiku Airport
PYJ	Yakutia	Russia	Polyarny Airport
PYK	Karaj	Iran	Payam International Airport
PYT	Paracatu	Brazil	Pedro Rabelo de Souza Airport
PZB	Pietermaritzburg	South Africa	Pietermaritzburg Airport
PZE	Penzance, Cornwall	United Kingdom	Penzance Heliport
PZH	Fort Sandeman	Pakistan	Zhob Airport
PZI	Panzhihua (Renhe)	China	Panzhihua Bao'anying Airport
PZO	Guyana City	Venezuela	General Manuel Carlos Piar International Airport
PZU	Port Sudan	Sudan	Port Sudan New International Airport
QBC	Bella Coola	Canada	Bella Coola Airport
QCU	Akunnaaq	Greenland	Akunnaaq Heliport
QFG	Eqalugaarsuit	Greenland	Eqalugaarsuit Heliport
QFI	Iginniarfik	Greenland	Iginniarfik Heliport
QFN	Narsarmijit	Greenland	Narsarmijit Heliport
QFX	Igaliku	Greenland	Igaliku Heliport
QGQ	Attu	Greenland	Attu Heliport
QJE	Kitsissuarsuit	Greenland	Kitsissuarsuit Heliport
QJH	Qassimiut	Greenland	Qassimiut Heliport
QJI	Ikamiut	Greenland	Ikamiut Heliport
QOQ	Saarloq	Greenland	Saarloq Heliport
QOW	Owerri	Nigeria	Sam Mbakwe International Cargo Airport
QPW	Kangaatsiaq	Greenland	Kangaatsiaq Heliport
QRO	Querétaro	Mexico	Querétaro Intercontinental Airport
QRW	Okpe	Nigeria	Warri Airport
QRY	Ikerassaarsuk	Greenland	Ikerassaarsuk Heliport
QSF	Sétif	Algeria	Ain Arnat Airport
QSR	Salerno	Italy	Salerno Costa d'Amalfi Airport
QSZ	Shache	China	Shache Airport
QUO	Uyo	Nigeria	Akwa Ibom International Airport
QUV	Aappilattoq	Greenland	Aappilattoq Heliport
QUW	Ammassivik	Greenland	Ammassivik Heliport
RAB	Kokopo	Papua New Guinea	Tokua Airport
RAE	Arar	Saudi Arabia	Arar Domestic Airport
RAH	Rafha	Saudi Arabia	Rafha Domestic Airport
RAI	Praia	Cape Verde	Nelson Mandela International Airport
RAK	Marrakesh	Morocco	Marrakesh Menara Airport
RAM		Australia	Ramingining Airport
RAO	Ribeirão Preto	Brazil	Leite Lopes Airport
RAP	Rapid City	United States	Rapid City Regional Airport
RAR	Avarua	Cook Islands	Rarotonga International Airport
RAS	Rasht	Iran	Sardar-e-Jangal Airport
RBA	Rabat	Morocco	Rabat-Salé Airport
RBB	Borba	Brazil	Borba Airport
RBQ	Rurrenabaque	Bolivia	Rurrenabaque Airport
RBR	Rio Branco	Brazil	Rio Branco-Plácido de Castro International Airport
RBV	Ramata	Solomon Islands	Ramata Airport
RBY	Ruby	United States	Ruby Airport
RCB	Richards Bay	South Africa	Richards Bay Airport
RCE	Roche Harbor	United States	Roche Harbor Airport
RCH	Riohacha	Colombia	Almirante Padilla Airport
RCM		Australia	Richmond Airport
RDD	Redding	United States	Redding Municipal Airport
RDM	Redmond	United States	Roberts Field
RDO	Radom	Poland	Warsaw Radom Airport
RDP	Durgapur	India	Kazi Nazrul Islam Airport
RDU	Raleigh/Durham	United States	Raleigh-Durham International Airport
RDV	Red Devil	United States	Red Devil Airport
RDZ	Rodez/Marcillac	France	Rodez–Aveyron Airport
REC	Recife	Brazil	Recife/Guararapes - Gilberto Freyre International Airport
REG	Reggio Calabria	Italy	Reggio Calabria Airport
REL	Rawson	Argentina	Almirante Marco Andres Zar Airport
REN	Orenburg	Russia	Orenburg Central Airport
RER	Retalhuleu	Guatemala	Retalhuleu Airport
RES	Resistencia	Argentina	Resistencia International Airport
RET	Røst	Norway	Røst Airport
REU	Reus	Spain	Reus Airport
REW	Rewa	India	Rewa Airport, Chorhata, REWA
REX	Reynosa	Mexico	General Lucio Blanco International Airport
RFD	Chicago/Rockford	United States	Chicago Rockford International Airport
RFP	Uturoa	French Polynesia	Raiatea Airport
RGA	Rio Grande	Argentina	Gobernador Ramón Trejo Noel International Airport
RGI		French Polynesia	Rangiroa Airport
RGL	Rio Gallegos	Argentina	Piloto Civil Norberto Fernández International Airport
RGN	Yangon	Myanmar	Yangon International Airport
RGO	Hoemun-ri	North Korea	Orang (Chongjin) Airport
RHD	Termas de Río Hondo	Argentina	Termas de Río Hondo international Airport
RHI	Rhinelander	United States	Rhinelander Oneida County Airport
RHO	Rhodes	Greece	Rhodes International Airport "Diagoras"
RHT	Badanjilin	China	Alxa Right Banner Badanjilin Airport
RIA	Santa Maria	Brazil	Santa Maria Airport
RIB	Riberalta	Bolivia	Capitán Av. Selin Zeitun Lopez Airport
RIC	Richmond	United States	Richmond International Airport
RIH	Río Hato	Panama	Scarlett Martinez International Airport
RIS	Rishiri	Japan	Rishiri Airport
RIW	Riverton	United States	Central Wyoming Regional Airport
RIX	Riga	Latvia	Riga International Airport
RIY	Mukalla(Riyan)	Yemen	Riyan International Airport
RIZ	Rizhao (Donggang)	China	Rizhao Shanzihe Airport
RJA	Madhurapudi	India	Rajahmundry Airport
RJH	Rajshahi	Bangladesh	Shah Makhdum Airport
RJK	Rijeka(Omišalj)	Croatia	Rijeka Airport
RJM	Waisai	Indonesia	Marinda Airport
RJN	Rafsanjan	Iran	Rafsanjan Airport
RKD	Rockland	United States	Knox County Regional Airport
RKE	Roskilde	Denmark	Copenhagen Roskilde Airport
RKI	Sipura Island	Indonesia	Mentawai Airport
RKS	Rock Springs	United States	Southwest Wyoming Regional Airport
RKT	Ras Al Khaimah	United Arab Emirates	Ras Al Khaimah International Airport
RKV	Reykjavík	Iceland	Reykjavík Domestic Airport
RKZ	Xigazê (Samzhubzê)	China	Xigaze Peace Airport / Shigatse Air Base
RLG	Laage	Germany	Rostock-Laage Airport
RLK	Bayannur	China	Bayannur Tianjitai Airport
RMA	Roma	Australia	Roma Airport
RMF	Marsa Alam	Egypt	Marsa Alam International Airport
RMI	Rimini (RN)	Italy	Federico Fellini International Airport
RML	Colombo	Sri Lanka	Colombo Ratmalana International Airport
RMO	Chişinău	Moldova	Chişinău International Airport
RMP	Rampart	United States	Rampart Airport
RMQ	Taichung (Qingshui)	Taiwan	Taichung International Airport / Ching Chuang Kang Air Base
RMT	Rimatara Island	French Polynesia	Rimatara Airport
RMU	Corvera	Spain	Region of Murcia International Airport
RMZ	Tobolsk	Russia	Tobolsk Remezov Airport
RNB	Ronneby	Sweden	Ronneby Airport
RNI	Corn Island	Nicaragua	Corn Island Airport
RNJ	Yoron	Japan	Yoron Airport
RNL	Rennell Island	Solomon Islands	Rennell/Tingoa Airport
RNN	Rønne	Denmark	Bornholm Airport
RNO	Reno	United States	Reno Tahoe International Airport
RNP	Rongelap Island	Marshall Islands	Rongelap Island Airport
RNS	Saint-Jacques-de-la-Lande, Ille-et-Vilaine	France	Rennes-Saint-Jacques Airport
ROA	Roanoke	United States	Roanoke–Blacksburg Regional Airport
ROB	Monrovia	Liberia	Roberts International Airport
ROC	Rochester	United States	Frederick Douglass Greater Rochester International Airport
ROI	Roi Et	Thailand	Roi Et Airport
ROK	Rockhampton	Australia	Rockhampton Airport
ROO	Rondonópolis	Brazil	Maestro Marinho Franco Airport
ROP	Rota Island	Northern Mariana Islands	Rota International Airport
ROR	Babelthuap Island	Palau	Roman Tmetuchl International Airport
ROS	Rosario	Argentina	Rosario Islas Malvinas International Airport
ROT	Rotorua	New Zealand	Rotorua Regional Airport
ROV	Rostov-on-Don	Russia	Platov International Airport
ROW	Roswell	United States	Roswell Air Center Airport
RPR	Raipur	India	Swami Vivekananda Airport
RQA	Ruoqiang Town	China	Ruoqiang Loulan Airport
RRG	Port Mathurin	Mauritius	Sir Charles Gaetan Duval Airport
RRJ	Rio de Janeiro	Brazil	Jacarepaguá - Roberto Marinho Airport
RRR	Raroia	French Polynesia	Raroia Airport
RRS	Røros	Norway	Røros Airport
RSA	Santa Rosa	Argentina	Santa Rosa Airport
RSD	Rock Sound	Bahamas	Rock Sound International Airport
RSH	Russian Mission	United States	Russian Mission Airport
RSI	Hanak	Saudi Arabia	Red Sea International Airport
RSJ	Rosario	United States	Rosario Seaplane Base
RST	Rochester	United States	Rochester International Airport
RSU	Yeosu	South Korea	Yeosu Airport
RSW	Fort Myers	United States	Southwest Florida International Airport
RTA	Rotuma	Fiji	Rotuma Airport
RTB	Coxen Hole	Honduras	Juan Manuel Gálvez International Airport
RTG	Satar Tacik, Manggarai	Indonesia	Frans Sales Lega Airport
RTI	Ba'a - Rote Island	Indonesia	David Constantijn Saudale Airport
RTM	Rotterdam	Netherlands	Rotterdam The Hague Airport
RUA	Arua	Uganda	Arua Airport
RUH	Riyadh	Saudi Arabia	King Khalid International Airport
RUL	Maavaarulu	Maldives	Maavaarulaa Airport
RUN	Sainte-Marie	Réunion	Roland Garros Airport
RUR		French Polynesia	Rurutu Airport
RUS	Marau	Solomon Islands	Marau Airport
RUT	Rutland	United States	Rutland - Southern Vermont Regional Airport
RVE	Saravena	Colombia	Los Colonizadores Airport
RVK	Rørvik	Norway	Rørvik Airport, Ryum
RVN	Rovaniemi	Finland	Rovaniemi Airport
RVV		French Polynesia	Raivavae Airport
RVY	Rivera/Santana do Livramento	Uruguay	Pres. Gral. Óscar D. Gestido Binational Airport
RWN	Rivne	Ukraine	Rivne International Airport
RXS	Roxas City	Philippines	Roxas Airport
RYK	Rahim Yar Khan	Pakistan	Shaikh Zaid Airport
RYO	Rio Turbio	Argentina	28 de Noviembre Airport
RZE	Jasionka	Poland	Rzeszów-Jasionka Airport
RZR	Ramsar	Iran	Ramsar Airport
RZV	Rize	Turkey	Rize–Artvin Airport
SAB	Zion's Hill	Caribbean Netherlands	Juancho E. Yrausquin Airport
SAE	Saattut	Greenland	Saattut Heliport
SAF	Santa Fe	United States	Santa Fe Municipal Airport
SAG	Kakadi	India	Shirdi International Airport
SAH	Sanaa	Yemen	Sanaa International Airport
SAI	Siem Reap	Cambodia	Siem Reap-Angkor International Airport
SAL	San Salvador (San Luis Talpa)	El Salvador	El Salvador International Airport Saint Óscar Arnulfo Romero y Galdámez
SAN	San Diego	United States	San Diego International Airport
SAP	San Pedro Sula	Honduras	Ramón Villeda Morales International Airport
SAQ	Andros Island	Bahamas	San Andros Airport
SAT	San Antonio	United States	San Antonio International Airport
SAV	Savannah	United States	Savannah Hilton Head International Airport
SAW	Pendik, Istanbul	Turkey	Istanbul Sabiha Gökçen International Airport
SBA	Santa Barbara	United States	Santa Barbara Municipal Airport
SBD	San Bernardino	United States	San Bernardino International Airport
SBH	Gustavia	Saint Barthélemy	St. Jean Airport
SBN	South Bend	United States	South Bend International Airport
SBP	San Luis Obispo	United States	San Luis County Regional Airport
SBR	Saibai Island	Australia	Saibai Island Airport
SBT	Sabetta	Russia	Sabetta International Airport
SBW	Sibu	Malaysia	Sibu Airport
SBY	Salisbury	United States	Salisbury Ocean City Wicomico Regional Airport
SBZ	Sibiu	Romania	Sibiu International Airport
SCC	Deadhorse	United States	Deadhorse Airport
SCE	State College	United States	State College Regional Airport
SCK	Stockton	United States	Stockton Metropolitan Airport
SCL	Santiago	Chile	Comodoro Arturo Merino Benítez International Airport
SCM	Scammon Bay	United States	Scammon Bay Airport
SCN	Saarbrücken	Germany	Saarbrücken Airport
SCO	Aktau	Kazakhstan	Aktau International Airport
SCQ	Santiago de Compostela	Spain	Santiago-Rosalía de Castro Airport
SCR	Malung-Sälen	Sweden	Scandinavian Mountains Airport
SCT	Mori	Yemen	Socotra Airport
SCU	Santiago	Cuba	Antonio Maceo International Airport
SCV	Suceava	Romania	Suceava Ștefan cel Mare International Airport
SCW	Syktyvkar	Russia	Syktyvkar Airport
SCY	Puerto Baquerizo Moreno	Ecuador	San Cristóbal Airport
SCZ	Santa Cruz/Graciosa Bay/Luova	Solomon Islands	Santa Cruz/Graciosa Bay/Luova Airport
SDD	Lubango	Angola	Lubango Mukanka International Airport
SDE	Santiago del Estero	Argentina	Vicecomodoro Angel D. La Paz Aragonés Airport
SDF	Louisville	United States	Louisville Muhammad Ali International Airport
SDG		Iran	Sanandaj Airport
SDJ	Natori	Japan	Sendai Airport
SDK	Sandakan	Malaysia	Sandakan Airport
SDL	Sundsvall/ Härnösand	Sweden	Sundsvall-Härnösand Airport
SDN	Sandane	Norway	Sandane Airport, Anda
SDP	Sand Point	United States	Sand Point Airport
SDQ	Santo Domingo	Dominican Republic	Las Américas International Airport
SDR	Santander	Spain	Seve Ballesteros-Santander Airport
SDS	Sado	Japan	Sado Airport
SDU	Rio de Janeiro	Brazil	Santos Dumont Airport
SDW	Chipi	India	Sindhudurg Airport
SDY	Sidney	United States	Sidney - Richland Regional Airport
SEA	Seattle	United States	Seattle–Tacoma International Airport
SEB	Sabha	Libya	Sabha Airport
SEK	Srednekolymsk	Russia	Srednekolymsk Airport
SEN	Southend-on-Sea, Essex	United Kingdom	London Southend Airport
SET	Serra Talhada	Brazil	Santa Magalhães Airport
SEU	Seronera	Tanzania	Seronera Airport
SEZ	Victoria	Seychelles	Seychelles International Airport
SFA	Sfax	Tunisia	Sfax Thyna International Airport
SFB	Orlando	United States	Orlando Sanford International Airport
SFC	St-François	Guadeloupe	St-François Airport
SFG	Grand Case	Saint Martin	Grand Case-l'Espérance Airport
SFJ	Kangerlussuaq	Greenland	Kangerlussuaq International Airport
SFL	São Filipe	Cape Verde	São Filipe Airport
SFN	Santa Fe	Argentina	Sauce Viejo Airport
SFO	San Francisco	United States	San Francisco International Airport
SFS	Olongapo	Philippines	Subic Bay International Airport / Naval Air Station Cubi Point
SFT	Skellefteå	Sweden	Skellefteå Airport
SGC	Surgut	Russia	Surgut International Airport
SGD	Sønderborg	Denmark	Sønderborg Airport
SGF	Springfield	United States	Springfield Branson National Airport
SGG	Sermiligaaq	Greenland	Sermiligaaq Heliport
SGN	Ho Chi Minh City	Vietnam	Tan Son Nhat International Airport
SGO		Australia	St George Airport
SGU	St George	United States	St George Regional Airport
SGY	Skagway	United States	Skagway Airport
SHA	Shanghai (Minhang)	China	Shanghai Hongqiao International Airport
SHB	Nakashibetsu	Japan	Nakashibetsu Airport
SHC	Shire Inda Selassie	Ethiopia	Shire Inda Selassie Airport
SHD	Weyers Cave	United States	Shenandoah Valley Regional Airport
SHE	Shenyang	China	Shenyang Taoxian International Airport
SHF	Shihezi	China	Shihezi Huayuan Airport
SHG	Shungnak	United States	Shungnak Airport
SHH	Shishmaref	United States	Shishmaref Airport
SHI	Miyakojima	Japan	Shimojishima Airport
SHJ	Sharjah	United Arab Emirates	Sharjah International Airport
SHL	Shillong	India	Shillong Airport
SHM	Shirahama	Japan	Nanki Shirahama Airport
SHO	Mpaka	Eswatini	King Mswati III International Airport
SHR	Sheridan	United States	Sheridan County Airport
SHS	Jingzhou (Shashi)	China	Jingzhou Shashi Airport
SHV	Shreveport	United States	Shreveport Regional Airport
SHW	Sharurah	Saudi Arabia	Sharurah Domestic Airport
SHY	Shinyanga	Tanzania	Shinyanga Airport
SID	Espargos	Cape Verde	Amílcar Cabral International Airport
SIF	Simara	Nepal	Simara Airport
SIG	San Juan	Puerto Rico	Fernando Luis Ribas Dominicci Airport
SIH	Silgadi Doti	Nepal	Silgadi Doti Airport
SIN	Singapore	Singapore	Singapore Changi Airport
SIP	Simferopol	Ukraine	Simferopol International Airport
SIS	Sishen	South Africa	Sishen Airport
SIT	Sitka	United States	Sitka Rocky Gutierrez Airport
SJC	San Jose	United States	Mineta San Jose International Airport
SJD	San José del Cabo	Mexico	Los Cabos International Airport
SJE	San José Del Guaviare	Colombia	Jorge E. Gonzalez Torres Airport
SJI	San Jose	Philippines	San Jose Airport
SJJ	Sarajevo	Bosnia and Herzegovina	Sarajevo International Airport
SJK	São José Dos Campos	Brazil	Professor Urbano Ernesto Stumpf Airport
SJL	São Gabriel da Cachoeira	Brazil	São Gabriel da Cachoeira Airport
SJO	San José (Alajuela)	Costa Rica	Juan Santamaría International Airport
SJP	São José do Rio Preto	Brazil	Prof. Eribelto Manoel Reino State Airport
SJT	San Angelo	United States	San Angelo Regional Mathis Field
SJU	San Juan	Puerto Rico	Luis Munoz Marin International Airport
SJW	Shijiazhuang	China	Shijiazhuang Zhengding International Airport
SJZ	Velas	Portugal	São Jorge Airport
SKB	Basseterre	Saint Kitts and Nevis	Robert L. Bradshaw International Airport
SKD	Samarkand	Uzbekistan	Samarkand International Airport
SKG	Thessaloniki	Greece	Thessaloniki Macedonia International Airport
SKH	Surkhet	Nepal	Surkhet Airport
SKK	Shaktoolik	United States	Shaktoolik Airport
SKN	Hadsel	Norway	Stokmarknes Airport, Skagen
SKO	Sokoto	Nigeria	Sadiq Abubakar III International Airport
SKP	Ilinden	North Macedonia	Skopje International Airport
SKT	Sialkot	Pakistan	Sialkot International Airport
SKU	Skiros Island	Greece	Skiros Airport
SKX	Saransk	Russia	Saransk International Airport
SKZ	Sukkur	Pakistan	Begum Nusrat Bhutto International Airport Sukkur
SLA	Salta	Argentina	Martín Miguel de Güemes International Airport
SLC	Salt Lake City	United States	Salt Lake City International Airport
SLD	Sliač	Slovakia	Sliač Airport
SLE	Salem	United States	Salem-Willamette Valley Airport/McNary Field
SLH	Sola	Vanuatu	Sola Airport
SLI	Solwesi	Zambia	Solwesi Airport
SLK	Saranac Lake	United States	Adirondack Regional Airport
SLL	Salalah	Oman	Salalah International Airport
SLM	Salamanca	Spain	Salamanca Airport
SLN	Salina	United States	Salina Municipal Airport
SLP	San Luis Potosí	Mexico	Ponciano Arriaga International Airport
SLQ	Sleetmute	United States	Sleetmute Airport
SLU	Castries	Saint Lucia	George F. L. Charles Airport
SLW	Saltillo	Mexico	Plan de Guadalupe International Airport
SLX	Salt Cay	Turks and Caicos Islands	Salt Cay Airport
SLY	Salekhard	Russia	Salekhard Airport
SLZ	São Luís	Brazil	Marechal Cunha Machado International Airport
SMA	Vila do Porto	Portugal	Santa Maria Airport
SMF	Sacramento	United States	Sacramento International Airport
SMI	Samos Island	Greece	Samos Airport
SMK	St Michael	United States	St Michael Airport
SML	Stella Maris	Bahamas	Stella Maris Airport
SMN	Salmon	United States	Lemhi County Airport
SMQ	Sampit	Indonesia	Sampit (H.Asan) Airport
SMR	Santa Marta	Colombia	Simón Bolívar International Airport
SMS	Vohilava	Madagascar	Sainte Marie Airport
SMT	Sorriso	Brazil	Adolino Bedin Regional Airport
SMW	Smara	Western Sahara (disputed territory)	Smara Airport
SMX	Santa Maria	United States	Santa Maria Public Airport Captain G Allan Hancock Field
SNA	Santa Ana	United States	John Wayne Orange County International Airport
SNB	Milikapiti	Australia	Snake Bay Airport
SNC	Salinas/La Libertad	Ecuador	General Ulpiano Paez International Airport
SNE	Preguiça	Cape Verde	Preguiça Airport
SNN	Shannon	Ireland	Shannon Airport
SNO		Thailand	Sakon Nakhon Airport
SNP	St Paul Island	United States	St Paul Island Airport
SNR	Saint-Nazaire/Montoir	France	Saint-Nazaire-Montoir Airport
SNU	Santa Clara	Cuba	Abel Santamaria International Airport
SNV	Santa Elena de Uairén	Venezuela	Santa Elena de Uairén Airport
SNW	Thandwe	Myanmar	Thandwe Airport
SNX	Semnan	Iran	Semnan Municipal Airport
SOB	Sármellék	Hungary	Hévíz–Balaton Airport
SOC	Surakarta	Indonesia	Adisoemarmo International Airport
SOD	Sorocaba	Brazil	Sorocaba Airport
SOF	Sofia	Bulgaria	Sofia Airport
SOG	Sogndal	Norway	Sogndal Airport, Haukåsen
SOJ	Sørkjosen	Norway	Sørkjosen Airport
SOM	El Tigre	Venezuela	San Tomé Airport
SON	Luganville	Vanuatu	Santo Pekoa International Airport
SOQ	Sorong	Indonesia	Domine Eduard Osok Airport
SOU	Southampton	United Kingdom	Southampton Airport
SOV	Seldovia	United States	Seldovia Airport
SOW	Show Low	United States	Show Low Regional Airport
SOY	Stronsay	United Kingdom	Stronsay Airport
SPB	Charlotte Amalie	U.S. Virgin Islands	Charlotte Amalie Harbor Seaplane Base
SPC	Sta Cruz de la Palma, La Palma Island	Spain	La Palma Airport
SPD	Saidpur	Bangladesh	Saidpur Airport
SPI	Springfield	United States	Abraham Lincoln Capital Airport
SPN	I Fadang, Saipan	Northern Mariana Islands	Saipan International Airport
SPP	Menongue	Angola	Menongue Airport
SPR	San Pedro	Belize	John Greif II Airport
SPS	Wichita Falls	United States	Wichita Falls Municipal Airport / Sheppard Air Force Base
SPU	Split	Croatia	Split Saint Jerome Airport
SPX	Al Jiza	Egypt	Sphinx International Airport
SPY		Côte d'Ivoire	San Pedro Airport
SQD	Shangrao (Hengfeng)	China	Shangrao Sanqingshan Airport
SQG	Sintang	Indonesia	Tebelian Airport
SQJ	Sanming (Sha)	China	Sanming Shaxian Airport
SQL	San Carlos	United States	San Carlos Airport
SRA	Santa Rosa	Brazil	Luis Alberto Lehr Airport
SRE	Sucre	Bolivia	Alcantarí International Airport
SRG	Semarang	Indonesia	Jenderal Ahmad Yani Airport
SRK	Siorapaluk	Greenland	Siorapaluk Heliport
SRL	Mulegé	Mexico	Palo Verde Airport
SRP	Leirvik	Norway	Stord Airport, Sørstokken
SRQ	Sarasota/Bradenton	United States	Sarasota Bradenton International Airport
SRT	Soroti	Uganda	Soroti Airport
SRV	Stony River	United States	Stony River 2 Airport
SRY	Sari	Iran	Sari Dasht-e Naz International Airport
SRZ	Santa Cruz	Bolivia	El Trompillo Airport
SSA	Salvador	Brazil	Deputado Luiz Eduardo Magalhães International Airport
SSB	Christiansted	U.S. Virgin Islands	Christiansted Harbor Seaplane Base
SSG	Malabo	Equatorial Guinea	Malabo International Airport
SSH	Sharm El Sheikh	Egypt	Sharm El Sheikh International Airport
SSJ	Alstahaug	Norway	Sandnessjøen Airport, Stokka
SSR	Pentecost Island	Vanuatu	Sara Airport
SST	Santa Teresita	Argentina	Santa Teresita Airport
SSW	Friday Harbor	United States	Stuart Island Airpark
SSY	Mbanza Congo	Angola	Mbanza Congo Airport
STC	Saint Cloud	United States	Saint Cloud Regional Airport
STD	Santo Domingo	Venezuela	Mayor Buenaventura Vivas International Airport
STG	St George	United States	St George Airport
STI	Santiago	Dominican Republic	Cibao International Airport
STL	St Louis	United States	St. Louis Lambert International Airport
STM	Santarém	Brazil	Santarém - Maestro Wilson Fonseca International Airport
STN	London, Essex	United Kingdom	London Stansted Airport
STR	Stuttgart	Germany	Stuttgart Airport
STS	Santa Rosa	United States	Charles M. Schulz Sonoma County Airport
STT	Charlotte Amalie	U.S. Virgin Islands	Cyril E. King Airport
STV	Surat	India	Surat International Airport
STW	Stavropol	Russia	Stavropol Shpakovskoye Airport
STX	Christiansted	U.S. Virgin Islands	Henry E. Rohlsen Airport
SUB	Surabaya	Indonesia	Juanda International Airport
SUF	Lamezia Terme (CZ)	Italy	Lamezia Terme Sant'Eufemia International Airport
SUG	Surigao City	Philippines	Surigao Airport
SUI	Sukhumi	Georgia	Vladislav Ardzinba Sukhum International Airport
SUJ	Satu Mare	Romania	Satu Mare International Airport
SUK	Batagay-Alyta	Russia	Sakkyryr Airport
SUN	Hailey	United States	Friedman Memorial Airport
SUR	Summer Beaver	Canada	Summer Beaver Airport
SUV	Nausori	Fiji	Nausori International Airport
SUX	Sioux City	United States	Sioux Gateway Airport / Brigadier General Bud Day Field
SUY	Suntar	Russia	Suntar Airport
SVA	Savoonga	United States	Savoonga Airport
SVB	Sambava	Madagascar	Sambava Airport
SVC	Silver City	United States	Grant County Airport
SVD	Kingstown	Saint Vincent and the Grenadines	Argyle International Airport
SVG	Stavanger	Norway	Stavanger Airport, Sola
SVI	San Vicente Del Caguán	Colombia	Eduardo Falla Solano Airport
SVJ	Svolvær	Norway	Svolvær Airport, Helle
SVL	Savonlinna	Finland	Savonlinna Airport
SVO	Moscow	Russia	Sheremetyevo International Airport
SVQ	Seville	Spain	Seville Airport
SVR	Savissivik	Greenland	Savissivik Heliport
SVS	Stevens Village	United States	Stevens Village Airport
SVU	Savusavu	Fiji	Savusavu Airport
SVX	Yekaterinburg	Russia	Koltsovo Airport
SVZ	San Antonio del Tachira	Venezuela	Juan Vicente Gómez International Airport
SWA	Jieyang (Rongcheng)	China	Jieyang Chaoshan International Airport
SWF	Newburgh	United States	New York Stewart International Airport
SWL	San Vicente	Philippines	San Vicente Airport
SWO	Stillwater	United States	Stillwater Regional Airport
SWQ	Sumbawa Besar	Indonesia	Sultan Muhammad Kaharuddin III Airport
SWX	Shakawe	Botswana	Shakawe Airport
SXB	Strasbourg	France	Strasbourg Airport
SXK	Saumlaki-Yamdena Island	Indonesia	Mathilda Batlayeri Airport
SXM	Sint Maarten	Sint Maarten	Princess Juliana International Airport
SXP	Nunam Iqua	United States	Nunam Iqua Airport
SXR	Srinagar	India	Srinagar International Airport
SYB	Seal Bay	United States	Seal Bay Seaplane Base
SYD	Sydney (Mascot)	Australia	Sydney Kingsford Smith International Airport
SYF	Gabriola Island	Canada	Silva Bay Seaplane Base
SYM	Pu'er	China	Pu'er Simao Airport
SYO	Shonai	Japan	Shonai Airport
SYQ	San Jose	Costa Rica	Tobías Bolaños International Airport
SYR	Syracuse	United States	Syracuse Hancock International Airport
SYS	Saskylakh	Russia	Saskylakh Airport
SYU	Sue Islet	Australia	Warraber Island Airport
SYX	Sanya (Tianya)	China	Sanya Phoenix International Airport
SYY	Stornoway, Western Isles	United Kingdom	Stornoway Airport
SYZ	Shiraz	Iran	Shiraz Shahid Dastghaib International Airport
SZA	Soyo	Angola	Soyo Airport
SZB	Subang	Malaysia	Sultan Abdul Aziz Shah International Airport
SZE	Semera	Ethiopia	Semera Airport
SZF	Samsun	Turkey	Samsun-Çarşamba Airport
SZG	Salzburg	Austria	Salzburg Airport
SZH	Shuozhou	China	Shuozhou Zirun Airport
SZI	Zaysan	Kazakhstan	Zaysan Airport
SZK	Skukuza	South Africa	Skukuza Airport
SZX	Shenzhen	China	Shenzhen Bao'an International Airport
SZY	Szymany	Poland	Olsztyn-Mazury Airport
SZZ	Szczecin(Glewice)	Poland	Solidarity Szczecin–Goleniów Airport
TAB	Scarborough	Trinidad and Tobago	A.N.R. Robinson International Airport
TAC	Tacloban City	Philippines	Daniel Z. Romualdez Airport
TAE	Daegu	South Korea	Daegu International Airport
TAG	Panglao	Philippines	Bohol-Panglao International Airport
TAH	Tanna Island	Vanuatu	Whitegrass Airport
TAI	Taiz	Yemen	Taiz International Airport
TAK	Takamatsu	Japan	Takamatsu Airport
TAL	Tanana	United States	Ralph M Calhoun Memorial Airport
TAM	Ciudad Madero	Mexico	General Francisco Javier Mina International Airport
TAO	Qingdao (Jiaozhou)	China	Qingdao Jiaodong International Airport
TAP	Tapachula	Mexico	Tapachula International Airport
TAS	Tashkent	Uzbekistan	Tashkent International Airport
TAT	Poprad	Slovakia	Poprad-Tatry Airport
TAY	Tartu	Estonia	Tartu Airport
TAZ	Daşoguz	Turkmenistan	Dashoguz International Airport
TBB	Tuy Hoa	Vietnam	Dong Tac Airport
TBG	Tabubil	Papua New Guinea	Tabubil Airport
TBH	Tablas Island	Philippines	Tugdan Airport
TBI	Cat Island	Bahamas	New Bight Airport
TBJ	Tabarka	Tunisia	Tabarka-Aïn Draham International Airport
TBM	Tumbang Samba-Borneo Island	Indonesia	Tumbang Samba Airport
TBN	Fort Leonard Wood	United States	Waynesville-St. Robert Regional Airport-Forney Field
TBO	Tabora	Tanzania	Tabora Airport
TBP	Tumbes	Peru	Captain Pedro Canga Rodríguez International Airport
TBS	Tbilisi	Georgia	Tbilisi International Airport
TBT	Tabatinga	Brazil	Tabatinga International Airport
TBU	Nuku'alofa	Tonga	Fua'amotu International Airport
TBZ	Tabriz	Iran	Tabriz International Airport
TCA	Tennant Creek	Australia	Tennant Creek Airport
TCB	Treasure Cay	Bahamas	Treasure Cay Airport
TCD	Tarapacá	Colombia	Tarapacá Airport
TCG	Tacheng	China	Tacheng Qianquan Airport
TCO	Tumaco	Colombia	La Florida Airport
TCP	Taba	Egypt	Taba International Airport
TCQ	Tacna	Peru	Coronel FAP Carlos Ciriani Santa Rosa International Airport
TCR	Vagaikulam	India	Tuticorin Airport
TCT	Takotna	United States	Takotna Airport
TCZ	Baoshan (Tengchong)	China	Tengchong Tuofeng Airport
TDD	Trinidad	Bolivia	Teniente Av. Jorge Henrich Arauz Airport
TDK	Taldykorgan	Kazakhstan	Taldykorgan Airport
TDS	Sasereme	Papua New Guinea	Sasereme Airport
TDX	Laem Ngop	Thailand	Trat Airport
TEB	Teterboro	United States	Teterboro Airport
TEE	Tébessi	Algeria	Cheikh Larbi Tébessi Airport
TEK	Tatitlek	United States	Tatitlek Airport
TEN	Tongren (Daxing)	China	Tongren Fenghuang Airport
TEQ	Çorlu	Turkey	Tekirdağ Çorlu Airport
TER	Praia da Vitória	Portugal	Lajes Airport
TET	Tete	Mozambique	Tete Airport
TEX	Telluride	United States	Telluride Regional Airport
TEZ		India	Tezpur Airport
TFF	Tefé	Brazil	Tefé Airport
TFI	Tufi	Papua New Guinea	Tufi Airport
TFN	Tenerife	Spain	Tenerife Norte-Ciudad de La Laguna Airport
TFS	Tenerife	Spain	Tenerife Sur Airport
TFU	Chengdu (Jianyang)	China	Chengdu Tianfu International Airport
TGD	Podgorica	Montenegro	Podgorica Airport / Podgorica Golubovci Airbase
TGG	Kuala Terengganu	Malaysia	Sultan Mahmud Airport
TGH	Tongoa Island	Vanuatu	Tongoa Airport
TGJ	Tiga	New Caledonia	Tiga Airport
TGK	Taganrog	Russia	Taganrog Yuzhny Airport
TGM	Recea	Romania	Târgu Mureş Transilvania International Airport
TGO	Tongliao	China	Tongliao Airport
TGQ	Tangará da Serra	Brazil	Tangará da Serra Airport
TGR	Touggourt	Algeria	Touggourt Sidi Madhi Airport
TGT	Tanga	Tanzania	Tanga Airport
TGU	Tegucigalpa	Honduras	Toncontín Airport
TGZ	Tuxtla Gutiérrez	Mexico	Angel Albino Corzo International Airport
THD	Thanh Hóa	Vietnam	Tho Xuan Airport
THE	Teresina	Brazil	Senador Petrônio Portela Airport
THG	Biloela	Australia	Thangool Airport
THL	Tachileik	Myanmar	Tachileik Airport
THN	Trollhättan	Sweden	Trollhättan-Vänersborg Airport
THO	Þórshöfn	Iceland	Þórshöfn Airport
THQ	Tianshui (Maiji)	China	Tianshui Maijishan Airport
THR	Tehran	Iran	Mehrabad International Airport
THS		Thailand	Sukhothai Airport
THU	Pituffik	Greenland	Pituffik Space Base
THX	Turukhansk	Russia	Turukhansk Airport
TIA	Rinas	Albania	Tirana International Airport Mother Teresa
TIE	Tippi	Ethiopia	Tippi Airport
TIF	Taif	Saudi Arabia	Taif International Airport
TIH	Tuherahera	French Polynesia	Tikehau Airport
TIJ	Tijuana	Mexico	General Abelardo L. Rodriguez International Airport
TIM	Timika	Indonesia	Mozes Kilangin Airport
TIN	Tindouf	Algeria	Tindouf Airport
TIQ	Tinian Island	Northern Mariana Islands	Francisco Manglona Borja / Tinian International Airport
TIR	Tirupati	India	Tirupati International Airport
TIU		New Zealand	Timaru Airport
TIV	Tivat	Montenegro	Tivat Airport
TIW	Tacoma	United States	Tacoma Narrows Airport
TIZ	Tari	Papua New Guinea	Tari Airport
TJA	Tarija	Bolivia	Capitan Oriel Lea Plaza Airport
TJG	Tanta-Tabalong	Indonesia	Warukin Airport
TJH	Toyooka	Japan	Konotori Tajima Airport
TJK	Tokat	Turkey	Tokat Airport
TJL	Três Lagoas	Brazil	Plínio Alarcom Airport
TJM	Tyumen	Russia	Roshchino International Airport
TJQ	Tanjung Pandan	Indonesia	H A S Hanandjoeddin International Airport
TJS	Tanjung Selor-Borneo Island	Indonesia	Tanjung Harapan Airport
TJU	Kulob	Tajikistan	Kulob International Airport
TKD	Sekondi-Takoradi	Ghana	Takoradi Airport
TKE	Tenakee Springs	United States	Tenakee Seaplane Base
TKF	Truckee	United States	Truckee Tahoe Airport
TKG	Bandar Lampung	Indonesia	Radin Inten II International Airport
TKJ	Tok	United States	Tok Junction Airport
TKK	Weno Island	Micronesia	Chuuk International Airport
TKM	Taksimo	Russia	Taksimo Airport
TKN	Amagi	Japan	Tokunoshima Airport
TKP		French Polynesia	Takapoto Airport
TKQ	Kigoma	Tanzania	Kigoma Airport
TKS	Tokushima	Japan	Tokushima Awaodori Airport / JMSDF Tokushima Air Base
TKU	Turku	Finland	Turku Airport
TKV	Tatakoto	French Polynesia	Tatakoto Airport
TKX		French Polynesia	Takaroa Airport
TLA	Teller	United States	Teller Airport
TLC	Toluca	Mexico	Adolfo López Mateos International Airport
TLE	Toliara	Madagascar	Toliara Airport
TLH	Tallahassee	United States	Tallahassee International Airport
TLI	Toli Toli-Celebes Island	Indonesia	Sultan Bantilan Airport
TLL	Tallinn	Estonia	Lennart Meri Tallinn Airport
TLM	Zenata	Algeria	Zenata – Messali El Hadj Airport
TLN	Hyères, Var	France	Toulon-Hyères Airport
TLQ	Turpan	China	Turpan Jiaohe Airport
TLS	Toulouse/Blagnac	France	Toulouse-Blagnac Airport
TLT	Tuluksak	United States	Tuluksak Airport
TLU	Santiago de Tolú	Colombia	Golfo de Morrosquillo Airport
TLV	Tel Aviv	Israel	Ben Gurion International Airport
TLY	Plastun	Russia	Plastun Airport
TMC	Radamata	Indonesia	Tambolaka Airport
TME	Tame	Colombia	Gustavo Vargas Airport
TMF	Thimarafushi	Maldives	Thimarafushi Airport
TMG	Tomanggong	Malaysia	Tomanggong Airport
TMH	Tanah Merah	Indonesia	Tanah Merah Airport
TMI	Tumling Tar	Nepal	Tumling Tar Airport
TMJ	Termez	Uzbekistan	Termez Airport
TML	Tamale	Ghana	Yakubu Tali International Airport
TMM	Toamasina	Madagascar	Toamasina Ambalamanasy Airport
TMP	Tampere / Pirkkala	Finland	Tampere-Pirkkala Airport
TMR	Tamanrasset	Algeria	Aguenar – Hadj Bey Akhamok Airport
TMS	São Tomé	São Tomé and Principe	São Tomé International Airport
TMT	Oriximiná	Brazil	Trombetas Airport
TMW	Tamworth	Australia	Tamworth Airport
TMX	Timimoun	Algeria	Timimoun Airport
TNA	Jinan (Licheng)	China	Jinan Yaoqiang International Airport
TNC	Tin City	United States	Tin City Long Range Radar Station Airport
TND	Trinidad	Cuba	Alberto Delgado Airport
TNE	Tanegashima	Japan	New Tanegashima Airport
TNG	Tangier	Morocco	Tangier Ibn Battuta Airport
TNH	Tonghua	China	Tonghua Sanyuanpu Airport
TNJ	Tanjung Pinang-Bintan Island	Indonesia	Raja Haji Fisabilillah International Airport
TNK	Tununak	United States	Tununak Airport
TNN	Tainan (Rende)	Taiwan	Tainan International Airport / Tainan Air Base
TNR	Antananarivo	Madagascar	Ivato International Airport
TOD	Tioman Island	Malaysia	Tioman Airport
TOE	Tozeur	Tunisia	Tozeur Nefta International Airport
TOF	Tomsk	Russia	Tomsk Kamov Airport
TOG	Togiak Village	United States	Togiak Airport
TOL	Toledo	United States	Eugene F. Kranz Toledo Express Airport
TOM	Timbuktu	Mali	Tombouktou Airport
TOS	Tromsø	Norway	Tromsø Airport
TOU	Touho	New Caledonia	Touho Airport
TOW	Toledo	Brazil	Toledo - Luiz Dalcanale Filho Municipal Airport
TOY	Toyama	Japan	Toyama Kitokito Airport
TPA	Tampa	United States	Tampa International Airport
TPE	Taoyuan	Taiwan	Taiwan Taoyuan International Airport
TPI	Tapini	Papua New Guinea	Tapini Airport
TPJ	Taplejung	Nepal	Taplejung Airport
TPP	Tarapoto	Peru	Cadete FAP Guillermo Del Castillo Paredes Airport
TPQ	Tepic	Mexico	Amado Nervo National Airport
TPS	Trapani (TP)	Italy	Vincenzo Florio Airport Trapani-Birgi
TQA	Tasiusaq	Greenland	Tasiusaq Heliport
TQI	Tiniteqilaaq	Greenland	Tiniteqilaaq Heliport
TQO	Tulum	Mexico	Felipe Carrillo Puerto International Airport Tulum
TQR	Tremiti Islands	Italy	San Domino Island Heliport
TRA	Tarama	Japan	Tarama Airport
TRC	Torreón	Mexico	Francisco Sarabia Tinoco International Airport
TRD	Trondheim	Norway	Trondheim Airport, Værnes
TRE	Balemartine, Argyll and Bute	United Kingdom	Tiree Airport
TRF	Sandefjord(Torp)	Norway	Sandefjord Airport, Torp
TRG	Tauranga	New Zealand	Tauranga Airport
TRI	Blountville	United States	Tri-Cities Regional TN/VA Airport
TRK	Tarakan	Indonesia	Juwata International Airport / Suharnoko Harbani AFB
TRN	Caselle Torinese (TO)	Italy	Turin Airport
TRR	Trincomalee	Sri Lanka	China Bay Airport
TRS	Ronchi dei Legionari/Trieste	Italy	Trieste Airport
TRT	Toraja	Indonesia	Toraja Airport
TRU	Trujillo	Peru	Capitán FAP Carlos Martínez de Pinillos International Airport
TRV	Thiruvananthapuram	India	Thiruvananthapuram International Airport
TRW	South Tarawa	Kiribati	Bonriki International Airport
TRZ	Tiruchirappalli	India	Tiruchirappalli International Airport
TSA	Taipei (Songshan)	Taiwan	Taipei Songshan International Airport
TSF	Treviso (TV)	Italy	Treviso Airport
TSJ	Tsushima	Japan	Tsushima Airport
TSM	Taos	United States	Taos Regional Airport
TSN	Tianjin	China	Tianjin Binhai International Airport
TSR	Timişoara	Romania	Timișoara Traian Vuia International Airport
TSS	New York	United States	East 34th Street Heliport
TST	Trang	Thailand	Trang Airport
TSV	Townsville	Australia	Townsville Airport / RAAF Base Townsville
TTA	Tan Tan	Morocco	Tan Tan Airport
TTE	Ternate	Indonesia	Sultan Babullah Airport
TTJ	Tottori	Japan	Tottori Sand Dunes Conan Airport
TTN	Ewing Township	United States	Trenton Mercer Airport
TTS	Tsaratanana	Madagascar	Tsaratanana Airport
TTT	Taitung City	Taiwan	Taitung Airport
TTU	Tétouan	Morocco	Sania Ramel Airport
TTW	Tissamaharama	Sri Lanka	Tissa Tank Waterdrome
TUA	Tulcán	Ecuador	Lieutenant Colonel Luis A. Mantilla International Airport
TUB		French Polynesia	Tubuai Airport
TUC	San Miguel de Tucumán	Argentina	Teniente Benjamín Matienzo International Airport
TUF	Tours, Indre-et-Loire	France	Tours Val de Loire Airport
TUG	Tuguegarao City	Philippines	Tuguegarao Airport
TUI	Turaif	Saudi Arabia	Turaif Domestic Airport
TUK	Turbat	Pakistan	Turbat International Airport
TUL	Tulsa	United States	Tulsa International Airport
TUN	Tunis	Tunisia	Tunis Carthage International Airport
TUO	Taupo	New Zealand	Taupo Airport
TUP	Tupelo	United States	Tupelo Regional Airport
TUR	Tucuruí	Brazil	Tucuruí Airport
TUS	Tucson	United States	Tucson International Airport
TUU	Tabuk	Saudi Arabia	Prince Sultan bin Abdulaziz International Airport
TVC	Traverse City	United States	Cherry Capital Airport
TVF	Thief River Falls	United States	Thief River Falls Regional Airport
TVS	Tangshan (Fengrun)	China	Tangshan Sannühe Airport
TVT	Tashkent	Uzbekistan	Tashkent-Khumo International Airport
TVU	Matei	Fiji	Matei Airport
TVY	Dawei	Myanmar	Dawei Airport
TWA	Twin Hills	United States	Twin Hills Airport
TWC	Tumxuk	China	Tumxuk Tangwangcheng Airport
TWF	Twin Falls	United States	Joslin Field Magic Valley Regional Airport
TWT	Bongao	Philippines	Sanga Sanga Airport
TWU	Tawau	Malaysia	Tawau Airport
TXE	Takengon	Indonesia	Rembele Airport
TXK	Texarkana	United States	Texarkana Regional Airport (Webb Field)
TXN	Huangshan	China	Huangshan Tunxi International Airport
TYF	Torsby	Sweden	Torsby Airport
TYL	Talara	Peru	Captain Victor Montes Arias International Airport
TYN	Taiyuan	China	Taiyuan Wusu International Airport
TYR	Tyler	United States	Tyler Pounds Regional Airport
TYS	Knoxville/Maryville	United States	McGhee Tyson Airport
TZA	Belize City	Belize	Sir Barry Bowen Municipal Airport
TZL	Dubrave Gornje	Bosnia and Herzegovina	Tuzla International Airport
TZN	Andros	Bahamas	Congo Town Airport
TZX	Trabzon	Turkey	Trabzon International Airport
UAH	Ua Huka	French Polynesia	Ua Huka Airport
UAI	Suai	Timor-Leste	Commander in Chief of FALINTIL, Kay Rala Xanana Gusmão, International Airport
UAK	Narsarsuaq	Greenland	Narsarsuaq Airport
UAP	Ua Pou	French Polynesia	Ua Pou Airport
UAQ	San Juan	Argentina	Domingo Faustino Sarmiento Airport
UAR	Bouarfa	Morocco	Bouarfa Airport
UBA	Uberaba	Brazil	Mário de Almeida Franco Airport
UBB	Mabuiag Island	Australia	Mabuiag Island Airport
UBJ	Ube	Japan	Yamaguchi Ube Airport
UBN	Ulaanbaatar (Sergelen)	Mongolia	Ulaanbaatar Chinggis Khaan International Airport
UBP	Ubon Ratchathani	Thailand	Ubon Ratchathani Airport
UCB	Ulanqab	China	Ulanqab Jining Airport
UCT	Ukhta	Russia	Ukhta Airport
UDI	Uberlândia	Brazil	Ten. Cel. Aviador César Bombonato Airport
UDJ	Uzhhorod	Ukraine	Uzhhorod International Airport
UDR	Udaipur	India	Maharana Pratap Airport
UEL	Quelimane	Mozambique	Quelimane Airport
UEO	Kumejima	Japan	Kumejima Airport
UET	Quetta	Pakistan	Quetta International Airport
UFA	Ufa	Russia	Ufa International Airport
UGA	Bulgan	Mongolia	Bulgan Airport
UGC	Urgench	Uzbekistan	Urgench International Airport
UGI	San Juan	United States	San Juan /Uganik/ Seaplane Base
UGU	Bilogai	Indonesia	Bilorai Airport
UIB	Quibdó	Colombia	El Caraño Airport
UIH	Quy Nohn	Vietnam	Phu Cat Airport
UII	Utila Island	Honduras	Utila Airport
UIN	Quincy	United States	Quincy Regional Airport Baldwin Field
UIO	Quito	Ecuador	Mariscal Sucre International Airport
UIT	Jabor Jaluit Atoll	Marshall Islands	Jaluit Airport
UJE	Ujae Atoll	Marshall Islands	Ujae Atoll Airport
UKB	Kobe	Japan	Kobe Airport
UKE	Bhawanipatna	India	Utkela Airport
UKG	Ust-Kuyga	Russia	Ust-Kuyga Airport
UKK	Ust-Kamenogorsk (Oskemen)	Kazakhstan	Oskemen International Airport
UKX	Ust-Kut	Russia	Ust-Kut Airport
ULG	Ölgii	Mongolia	Ölgii Mongolei International Airport
ULH	Al-Ula	Saudi Arabia	Al-Ula International Airport
ULK	Lensk	Russia	Lensk Airport
ULO	Ulaangom	Mongolia	Ulaangom Airport
ULP		Australia	Quilpie Airport
ULU	Gulu	Uganda	Gulu Airport
ULV	Ulyanovsk	Russia	Ulyanovsk Baratayevka Airport
ULY	Cherdakly	Russia	Ulyanovsk Vostochny Airport
ULZ	Uliastai	Mongolia	Donoi Airport
UMD	Uummannaq	Greenland	Uummannaq Heliport
UME	Umeå	Sweden	Umeå Airport
UMS	Ust-Maya	Russia	Ust-Maya Airport
UMU	Umuarama	Brazil	Orlando de Carvalho Airport
UNA	Una	Brazil	Una-Comandatuba Airport
UNG	Kiunga	Papua New Guinea	Kiunga Airport
UNI	Union Island	Saint Vincent and the Grenadines	Union Island International Airport
UNK	Unalakleet	United States	Unalakleet Airport
UNN	Ranong	Thailand	Ranong Airport
UOL	Buol	Indonesia	Buol - Pogogul Airport
UPG	Makassar	Indonesia	Sultan Hasanuddin International Airport
UPN	Uruapan	Mexico	Uruapan - Licenciado y General Ignacio Lopez Rayon International Airport
URA	Uralsk	Kazakhstan	Manshuk Mametova International Airport
URC	Ürümqi	China	Ürümqi Tianshan International Airport
URE	Kuressaare	Estonia	Kuressaare Airport
URG	Uruguaiana	Brazil	Rubem Berta Airport
URJ	Uray	Russia	Uray Airport
URS	Kursk	Russia	Kursk East Airport
URT	Surat Thani	Thailand	Surat Thani Airport
URY	Gurayat	Saudi Arabia	Gurayat Domestic Airport
USA	Concord	United States	Concord-Padgett Regional Airport
USH	Ushuaia	Argentina	Ushuaia - Malvinas Argentinas International Airport
USJ	Usharal	Kazakhstan	Usharal Airport
USK	Usinsk	Russia	Usinsk Airport
USM	Na Thon (Ko Samui Island)	Thailand	Samui International Airport
USN	Ulsan	South Korea	Ulsan Airport
USR	Ust-Nera	Russia	Ust-Nera Airport
UST	St Augustine	United States	Northeast Florida Regional Airport
USU	Coron	Philippines	Francisco B. Reyes (Busuanga) Airport
UTH	Udon Thani	Thailand	Udon Thani International Airport
UTK	Utirik Island	Marshall Islands	Utirik Airport
UTN	Upington	South Africa	Upington Airport
UTO	Utopia Creek	United States	Indian Mountain LRRS Airport
UTP	Rayong	Thailand	U-Tapao–Rayong–Pattaya International Airport
UTT	Mthatha	South Africa	K. D. Matanzima Airport
UUA	Bugulma	Russia	Bugulma Airport
UUD	Ulan Ude	Russia	Baikal International Airport
UUS	Yuzhno-Sakhalinsk	Russia	Yuzhno-Sakhalinsk International Airport
UVE	Ouvéa	New Caledonia	Ouvéa Airport
UVF	Vieux Fort	Saint Lucia	Hewanorra International Airport
UVI	União da Vitória	Brazil	José Cleto Airport
UYL	Nyala	Sudan	Nyala Airport
UYN	Yulin	China	Yulin Yuyang Airport
UYU	Quijarro	Bolivia	Joya Andina International Airport
UZR	Urzhar	Kazakhstan	Urzhar Airport
VAA	Vaasa	Finland	Vaasa Airport
VAI	Vanimo	Papua New Guinea	Vanimo Airport
VAK	Chevak	United States	Chevak Airport
VAL	Valença	Brazil	Valença Airport
VAM	Maamigili	Maldives	Villa International Airport Maamigili
VAN	Van	Turkey	Van Ferit Melen Airport
VAO	Suavanao	Solomon Islands	Suavanao Airport
VAQ	Vanavara	Russia	Vanavara Airport
VAR	Varna	Bulgaria	Varna Airport
VAS	Sivas	Turkey	Sivas Nuri Demirağ Airport
VAV	Vava'u Island	Tonga	Vava'u International Airport
VAW	Vardø	Norway	Vardø Airport, Svartnes
VBS	Montichiari (BS)	Italy	Brescia Gabriele d'Annunzio Airport
VBV	Vanua Balavu	Fiji	Vanua Balavu Airport
VBY	Visby	Sweden	Visby Airport
VCA	Can Tho	Vietnam	Can Tho International Airport
VCE	Venezia (VE)	Italy	Venice Marco Polo Airport
VCL	Tam Nghĩa	Vietnam	Chu Lai Airport
VCP	Campinas	Brazil	Viracopos International Airport
VCS	Con Dao	Vietnam	Con Dao Airport
VCT	Victoria	United States	Victoria Regional Airport
VDC	Vitória da Conquista	Brazil	Glauber de Andrade Rocha Airport
VDE	El Hierro Island	Spain	El Hierro Airport
VDH	Dong Hoi	Vietnam	Dong Hoi Airport
VDM	Viedma / Carmen de Patagones	Argentina	Gobernador Castello Airport
VDO	Van Don	Vietnam	Van Don International Airport
VDS	Vadsø	Norway	Vadsø Airport
VDZ	Valdez	United States	Valdez Pioneer Field
VEE	Venetie	United States	Venetie Airport
VEL	Vernal	United States	Vernal Regional Airport
VEO	Severo-Yeniseysk	Russia	Severo-Yeniseysk Airport
VER	Veracruz	Mexico	General Heriberto Jara International Airport
VFA	Victoria Falls	Zimbabwe	Victoria Falls International Airport
VGA	Vijayawada	India	Vijayawada International Airport
VGO	Vigo	Spain	Vigo Airport
VHM	Vilhelmina	Sweden	Vilhelmina South Lapland Airport
VHV	Verkhnevilyuisk	Russia	Verkhnevilyuisk Airport
VIE	Vienna	Austria	Vienna International Airport
VIG	El Vigía	Venezuela	Juan Pablo Pérez Alfonso Airport
VII	Vinh	Vietnam	Vinh Airport
VIJ	Spanish Town	British Virgin Islands	Virgin Gorda Airport
VIL	Dakhla	Western Sahara (disputed territory)	Dakhla Airport
VIT	Alava	Spain	Vitoria Airport
VIX	Vitória	Brazil	Eurico de Aguiar Salles International Airport
VJB	Xai-Xai	Mozambique	Xai-Xai Chongoene Airport
VKG	Rach Gia	Vietnam	Rach Gia Airport
VKO	Moscow	Russia	Vnukovo International Airport
VKT	Vorkuta	Russia	Vorkuta Airport
VLC	Valencia	Spain	Valencia Airport
VLD	Valdosta	United States	Valdosta Regional Airport
VLI	Port Vila	Vanuatu	Bauerfield International Airport
VLL	Valladolid	Spain	Valladolid Airport
VLN	Valencia	Venezuela	Arturo Michelena International Airport
VLS	Epi Island	Vanuatu	Valesdir Airport
VLV	Valera	Venezuela	Dr. Antonio Nicolás Briceño Airport
VMU	Baimuru	Papua New Guinea	Baimuru Airport
VNO	Vilnius	Lithuania	Vilnius International Airport
VNS	Varanasi	India	Lal Bahadur Shastri International Airport
VNX	Vilanculo	Mozambique	Vilankulo Airport
VOG	Volgograd	Russia	Volgograd International Airport
VOL	Nea Anchialos	Greece	Nea Anchialos National Airport
VOZ	Voronezh	Russia	Voronezh International Airport
VPE	Ngiva	Angola	Ngjiva Pereira Airport
VPN	Vopnafjörður	Iceland	Vopnafjörður Airport
VPS	Valparaiso	United States	Destin-Fort Walton Beach Airport
VPY	Chimoio	Mozambique	Chimoio Airport
VQS	Vieques	Puerto Rico	Antonio Rivera Rodriguez Airport
VRA	Matanzas	Cuba	Juan Gualberto Gomez International Airport
VRB	Vero Beach	United States	Vero Beach Regional Airport
VRC	Virac	Philippines	Virac Airport
VRL	Vila Real	Portugal	Vila Real Airport
VRN	Caselle (VR)	Italy	Verona Villafranca Valerio Catullo Airport
VRY	Værøy	Norway	Værøy Heliport
VSA	Villahermosa	Mexico	Carlos Rovirosa Pérez International Airport
VSE	Viseu	Portugal	Aerodromo Goncalves Lobato (Viseu Airport)
VST	Stockholm / Västerås	Sweden	Stockholm Västerås Airport
VSV	Shravasti	India	Shravasti Airport
VTE	Vientiane	Laos	Wattay International Airport
VTU	Las Tunas	Cuba	Hermanos Ameijeiras Airport
VTZ	Visakhapatnam	India	Alluri Sitarama Raju International Airport (Vizag)
VUP	Valledupar	Colombia	Alfonso López Pumarejo Airport
VUS	Velikiy Ustyug	Russia	Velikiy Ustyug Airport
VVC	Villavicencio	Colombia	Vanguardia Airport
VVI	Santa Cruz	Bolivia	Viru Viru International Airport
VVO	Artyom	Russia	Vladivostok International Airport
VVZ	Illizi	Algeria	Illizi Takhamalt Airport
VXC	Lichinga	Mozambique	Lichinga Airport
VXE	São Pedro	Cape Verde	Cesaria Evora International Airport
VXO	Växjö	Sweden	Växjö Kronoberg Airport
VYI	Vilyuisk	Russia	Vilyuisk Airport
WAA	Wales	United States	Wales Airport
WAE	Wadi Al Dawasir	Saudi Arabia	Wadi Al Dawasir Domestic Airport
WAG	Wanganui	New Zealand	Wanganui Airport
WAW	Warsaw	Poland	Warsaw Chopin Airport
WBB	Stebbins	United States	Stebbins Airport
WBM	Wapenamanda	Papua New Guinea	Wapenamanda Airport
WBQ	Beaver	United States	Beaver Airport
WDH	Windhoek	Namibia	Hosea Kutako International Airport
WDN	Eastsound	United States	Waldron Airstrip
WDS	Shiyan (Maojian)	China	Shiyan Wudangshan Airport
WEF	Weifang (Kuiwen)	China	Weifang Nanyuan Airport
WEH	Weihai	China	Weihai Dashuibo Airport
WEI	Weipa	Australia	Weipa Airport
WFB	Ketchikan	United States	Ketchikan Harbor Seaplane Base
WGA	Forest Hill	Australia	Wagga Wagga Airport
WGE		Australia	Walgett Airport
WGN	Shaoyang (Wugang)	China	Shaoyang Wugang Airport
WGP	Waingapu-Sumba Island	Indonesia	Umbu Mehang Kunda Airport
WHA	Wuhu	China	Wuhu Xuanzhou Airport
WHD	Hyder	United States	Hyder Seaplane Base
WHK	Whakatāne	New Zealand	Whakatāne Airport
WIC	Wick	United Kingdom	Wick John O'Groats Airport
WIL	Nairobi	Kenya	Nairobi Wilson Airport
WIN		Australia	Winton Airport
WJR	Wajir	Kenya	Wajir Airport
WJU	Wonju	South Korea	Wonju Airport / Hoengseong Air Base (K-38/K-46)
WKA	Wanaka	New Zealand	Wanaka Airport
WKJ	Wakkanai	Japan	Wakkanai Airport
WKK	Aleknagik	United States	Aleknagik / New Airport
WLG	Wellington	New Zealand	Wellington International Airport
WLH	Walaha	Vanuatu	Walaha Airport
WLK	Selawik	United States	Selawik Airport
WLS	Wallis Island	Wallis and Futuna	Hihifo Airport
WMI	Nowy Dwór Mazowiecki	Poland	Warsaw Modlin Airport
WMN	Maroantsetra	Madagascar	Maroantsetra Airport
WMO	White Mountain	United States	White Mountain Airport
WMT	Zunyi	China	Zunyi Maotai Airport
WMX	Wamena	Indonesia	Wamena Airport
WNA	Napakiak	United States	Napakiak Airport
WNH	Wenshan	China	Wenshan Puzhehei Airport
WNI	Wangi-wangi Island	Indonesia	Matahora Airport
WNN	Wunnumin Lake	Canada	Wunnumin Lake Airport
WNP	Naga	Philippines	Naga Airport
WNR	Windorah	Australia	Windorah Airport
WNS	Nawabashah	Pakistan	Shaheed Benazirabad Airport
WNZ	Wenzhou (Longwan)	China	Wenzhou Longwan International Airport
WOS	Wonsan	North Korea	Wonsan Kalma Airport
WPL	Powell River	Canada	Powell Lake Seaplane Base
WRE	Whangarei	New Zealand	Whangarei Airport
WRG	Wrangell	United States	Wrangell Airport
WRO	Wrocław	Poland	Copernicus Wrocław Airport
WRY	Westray, Orkney Islands	United Kingdom	Westray Airport
WSK	Wushan	China	Chongqing Wushan Airport
WSN	South Naknek	United States	South Naknek Number 2 Airport
WST	Westerly	United States	Westerly State Airport
WSX	West Sound	United States	Westsound/WSX Seaplane Base
WSZ	Westport	New Zealand	Westport Airport
WTA	Tambohorano	Madagascar	Tambohorano Airport
WTB	Toowoomba	Australia	Toowoomba Wellcamp Airport
WTE	Wotje	Marshall Islands	Wotje Airport
WTK	Noatak	United States	Noatak Airport
WTL	Tuntutuliak	United States	Tuntutuliak Airport
WTO	Wotho Island	Marshall Islands	Wotho Island Airport
WUA	Wuhai	China	Wuhai Airport
WUH	Wuhan (Huangpi)	China	Wuhan Tianhe International Airport
WUN		Australia	Wiluna Airport
WUS	Wuyishan	China	Nanping Wuyishan Airport
WUT	Xinzhou	China	Xinzhou Wutaishan Airport
WUU	Wau	South Sudan	Wau Airport
WUX	Wuxi	China	Sunan Shuofang International Airport
WUZ	Tangbu	China	Wuzhou Xijiang Airport
WVB	Walvis Bay(Rooikop)	Namibia	Walvis Bay International Airport
WWK	Wewak	Papua New Guinea	Wewak International Airport
WWP	Whale Pass	United States	Whale Pass Seaplane Float Harbor Facility
WWT	Mertarvik	United States	Mertarvik Airport
WXN	Wanzhou	China	Wanzhou Wuqiao Airport
WYA	Whyalla	Australia	Whyalla Airport
WYS	West Yellowstone	United States	Yellowstone Airport
XAI	Xinyang	China	Xinyang Minggang Airport
XAP	Chapecó	Brazil	Serafin Enoss Bertaso Airport
XBE	Bearskin Lake	Canada	Bearskin Lake Airport
XBJ	Birjand	Iran	Birjand International Airport
XCH	Flying Fish Cove	Christmas Island	Christmas Island International Airport
XCR	Chalons en Champagne	France	Chalons Vatry airport
XEQ	Tasiusak	Greenland	Tasiusaq Heliport
XFN	Xiangyang (Xiangzhou)	China	Xiangyang Liuji Airport
XGR	Kangiqsualujjuaq	Canada	Kangiqsualujjuaq (Georges River) Airport
XIC	Liangshan (Xichang)	China	Xichang Qingshan Airport
XIL	Xilinhot	China	Xilinhot Airport
XIQ	Ilimanaq	Greenland	Ilimanaq Heliport
XIY	Xi'an	China	Xi'an Xianyang International Airport
XKH	Xieng Khouang	Laos	Xieng Khouang Airport
XKS	Kasabonika	Canada	Kasabonika Airport
XLB	Lac Brochet	Canada	Lac Brochet Airport
XMH		French Polynesia	Manihi Airport
XMN	Xiamen	China	Xiamen Gaoqi International Airport
XMS	Macas	Ecuador	Coronel E Carvajal Airport
XMY	Yam Island	Australia	Yam Island Airport
XNA	Fayetteville/Springdale/Rogers	United States	Northwest Arkansas National Airport
XNN	Haidong (Huzhu Tu Autonomous County)	China	Xining Caojiabao International Airport
XPK	Pukatawagan	Canada	Pukatawagan Airport
XPL	Palmerola	Honduras	Palmerola International Airport
XQP	Quepos	Costa Rica	Quepos Managua Airport
XQU	Qualicum Beach	Canada	Qualicum Beach Airport
XRY	Jerez de la Frontera	Spain	Jerez Airport
XSC	South Caicos	Turks and Caicos Islands	South Caicos Airport
XSI	South Indian Lake	Canada	South Indian Lake Airport
XSP	Seletar	Singapore	Seletar Airport
XTG	Thargomindah	Australia	Thargomindah Airport
XTL	Tadoule Lake	Canada	Tadoule Lake Airport
XUZ	Xuzhou	China	Xuzhou Guanyin International Airport
XWA	Williston	United States	Williston Basin International Airport
XYA	Yandina	Solomon Islands	Yandina Airport
YAA	Anahim Lake	Canada	Anahim Lake Airport
YAB	Arctic Bay	Canada	Arctic Bay Airport
YAC	Cat Lake	Canada	Cat Lake Airport
YAG	Fort Frances	Canada	Fort Frances Municipal Airport
YAJ	Saturna Island	Canada	Lyall Harbour Seaplane Base
YAK	Yakutat	United States	Yakutat Airport
YAL	Alert Bay	Canada	Alert Bay Airport
YAM	Sault Ste Marie	Canada	Sault Ste Marie Airport
YAP	Yap Island	Micronesia	Yap International Airport
YAQ	Maple Bay	Canada	Maple Bay Seaplane Base
YAS	Yasawa Island	Fiji	Yasawa Island Airport
YAT	Attawapiskat	Canada	Attawapiskat Airport
YAV	Miners Bay	Canada	Mayne Island Seaplane Base
YAX	Angling Lake	Canada	Wapekeka Airport
YAY	St. Anthony	Canada	St. Anthony Airport
YAZ	Tofino	Canada	Tofino / Long Beach Airport
YBB	Kugaaruk	Canada	Kugaaruk Airport
YBC	Baie-Comeau	Canada	Baie-Comeau Airport
YBE	Uranium City	Canada	Uranium City Airport
YBF	Bamfield	Canada	Bamfield Seaplane Base
YBG	Saguenay	Canada	Saguenay-Bagotville Airport
YBI	Black Tickle	Canada	Black Tickle Airport
YBK	Baker Lake	Canada	Baker Lake Airport
YBL	Campbell River	Canada	Campbell River Airport
YBP	Yibin (Cuiping)	China	Yibin Wuliangye Airport
YBQ	Thetis Island	Canada	Telegraph Harbour Seaplane Base
YBR	Brandon	Canada	Brandon Municipal Airport
YBT	Brochet	Canada	Brochet Airport
YBV	Berens River	Canada	Berens River Airport
YBW	Bedwell Harbour	Canada	Bedwell Harbour Seaplane Base
YBX	Blanc-Sablon	Canada	Lourdes-de-Blanc-Sablon Airport
YBY	Bonnyville	Canada	Bonnyville Airport
YCB	Cambridge Bay	Canada	Cambridge Bay Airport
YCD	Nanaimo	Canada	Nanaimo Airport
YCG	Castlegar	Canada	Castlegar/West Kootenay Regional Airport
YCK	Colville Lake	Canada	Tommy Kochon Airport
YCL	Charlo	Canada	Charlo Airport
YCM	Niagara-on-the-Lake	Canada	Niagara District Airport
YCO	Kugluktuk	Canada	Kugluktuk Airport
YCR	Cross Lake	Canada	Cross Lake (Charlie Sinclair Memorial) Airport
YCS	Chesterfield Inlet	Canada	Chesterfield Inlet Airport
YCU	Yuncheng (Yanhu)	China	Yuncheng Yanhu International Airport
YCY	Clyde River	Canada	Clyde River Airport
YDA	Dawson City	Canada	Dawson City Airport
YDF	Deer Lake	Canada	Deer Lake Airport
YDL	Dease Lake	Canada	Dease Lake Airport
YDN	Dauphin	Canada	Dauphin Barker Airport
YDP	Nain	Canada	Nain Airport
YDV	Bloodvein River	Canada	Bloodvein River Airport
YEG	Edmonton	Canada	Edmonton International Airport
YEI	Yenişehir	Turkey	Bursa Yenişehir Airport
YEK	Arviat	Canada	Arviat Airport
YER	Fort Severn	Canada	Fort Severn Airport
YEV	Inuvik	Canada	Inuvik Mike Zubko Airport
YFA	Fort Albany	Canada	Fort Albany Airport
YFB	Iqaluit	Canada	Iqaluit Airport
YFC	Fredericton	Canada	Fredericton International Airport
YFH	Fort Hope	Canada	Fort Hope Airport
YFJ	Wekweètì	Canada	Wekweètì Airport
YFO	Flin Flon	Canada	Flin Flon Airport
YFS	Fort Simpson	Canada	Fort Simpson Airport
YFX	St. Lewis	Canada	St. Lewis (Fox Harbour) Airport
YGG	Salt Spring Island	Canada	Ganges Seaplane Base
YGH	Fort Good Hope	Canada	Fort Good Hope Airport
YGJ	Yonago	Japan	Yonago Kitaro Airport / JASDF Miho Air Base
YGL	La Grande Rivière	Canada	La Grande Rivière Airport
YGN	Broughton Island	Canada	Greenway Sound Seaplane Base
YGO	Gods Lake Narrows	Canada	Gods Lake Narrows Airport
YGP	Gaspé	Canada	Michel-Pouliot Gaspé Airport
YGR	Les Îles-de-la-Madeleine	Canada	Îles-de-la-Madeleine Airport
YGT	Igloolik	Canada	Igloolik Airport
YGV	Havre-Saint-Pierre	Canada	Havre-Saint-Pierre Airport
YGW	Kuujjuarapik	Canada	Kuujjuarapik Airport
YGX	Gillam	Canada	Gillam Airport
YGZ	Grise Fiord	Canada	Grise Fiord Airport
YHA	Port Hope Simpson	Canada	Port Hope Simpson Airport
YHG	Charlottetown	Canada	Charlottetown Airport
YHH	Campbell River	Canada	Campbell River Seaplane Base
YHI	Ulukhaktok	Canada	Ulukhaktok Holman Airport
YHK	Gjoa Haven	Canada	Gjoa Haven Airport
YHM	Hamilton	Canada	John C. Munro Hamilton International Airport
YHO	Hopedale	Canada	Hopedale Airport
YHP	Poplar Hill	Canada	Poplar Hill Airport
YHR	Chevery	Canada	Chevery Airport
YHU	Montréal	Canada	Montréal / Saint-Hubert Metropolitan Airport
YHY	Hay River	Canada	Hay River / Merlyn Carter Airport
YHZ	Halifax	Canada	Halifax / Stanfield International Airport
YIA	Yogyakarta	Indonesia	Yogyakarta International Airport
YIC	Yichun	China	Yichun Mingyueshan Airport
YIE	Arxan	China	Arxan Yi'ershi Airport
YIF	St-Augustin	Canada	St Augustin Airport
YIG	Stuart Island	Canada	Big Bay Seaplane Base
YIH	Yichang (Xiaoting)	China	Yichang Sanxia Airport
YIK	Ivujivik	Canada	Ivujivik Airport
YIN	Ili (Yining / Ghulja)	China	Ili Yining International Airport
YIO	Pond Inlet	Canada	Pond Inlet Airport
YIV	Island Lake	Canada	Island Lake Airport
YIW	Yiwu/Jinhua	China	Yiwu Airport
YJT	Stephenville	Canada	Stephenville Dymond International Airport
YKA	Kamloops	Canada	Kamloops John Moose Fulton Field Regional Airport
YKF	Breslau	Canada	Region of Waterloo International Airport
YKG	Kangirsuk	Canada	Kangirsuk Airport
YKH	Yingkou (Laobian)	China	Yingkou Lanqi Airport
YKL	Schefferville	Canada	Schefferville Airport
YKM	Yakima	United States	Yakima Air Terminal McAllister Field
YKO	Hakkari	Turkey	Hakkari Yüksekova Airport
YKQ	Waskaganish	Canada	Waskaganish Airport
YKS	Yakutsk	Russia	Platon Oyunsky Yakutsk International Airport
YKU	Chisasibi	Canada	Chisasibi Airport
YLC	Kimmirut	Canada	Kimmirut Airport
YLE	Whatì	Canada	Whatì Airport
YLH	Lansdowne House	Canada	Lansdowne House Airport
YLK	Barrie	Canada	Barrie-Lake Simcoe Regional Airport
YLL	Lloydminster	Canada	Lloydminster Airport
YLW	Kelowna	Canada	Kelowna International Airport
YLX	Yulin	China	Yulin Fumian Airport
YMF	Galiano Island	Canada	Montague Harbour Seaplane Base
YMH	Mary's Harbour	Canada	Mary's Harbour Airport
YMM	Fort McMurray	Canada	Fort McMurray International Airport
YMN	Makkovik	Canada	Makkovik Airport
YMO	Moosonee	Canada	Moosonee Airport
YMP	Port McNeill	Canada	Port McNeill Airport
YMS	Yurimaguas	Peru	Moises Benzaquen Rengifo Airport
YMT	Chibougamau	Canada	Chapais Airport
YMX	Montréal	Canada	Montreal Mirabel International Airport
YNA	Natashquan	Canada	Natashquan Airport
YNB	Yanbu	Saudi Arabia	Prince Abdulmohsen Bin Abdulaziz International Airport
YNC	Wemindji	Canada	Wemindji Airport
YND	Gatineau	Canada	Ottawa / Gatineau Airport
YNE	Norway House	Canada	Norway House Airport
YNJ	Yanji	China	Yanji Chaoyangchuan Airport
YNL	Points North Landing	Canada	Points North Landing Airport
YNO	North Spirit Lake	Canada	North Spirit Lake Airport
YNP	Natuashish	Canada	Natuashish Airport
YNS	Nemiscau	Canada	Nemiscau Airport
YNT	Yantai	China	Yantai Penglai International Airport
YNY	Gonghang-ro	South Korea	Yangyang International Airport
YNZ	Yancheng (Tinghu)	China	Yancheng Nanyang International Airport
YOC	Old Crow	Canada	Old Crow Airport
YOG	Ogoki Post	Canada	Ogoki Post Airport
YOH	Oxford House	Canada	Oxford House Airport
YOJ	High Level	Canada	High Level Airport
YOL	Yola	Nigeria	Yola Airport
YON	Yongphulla	Bhutan	Yongphulla Airport
YOW	Ottawa	Canada	Ottawa Macdonald-Cartier International Airport
YPA	Prince Albert	Canada	Prince Albert Glass Field
YPC	Paulatuk	Canada	Paulatuk (Nora Aliqatchialuk Ruben) Airport
YPE	Peace River	Canada	Peace River Airport
YPH	Inukjuak	Canada	Inukjuak Airport
YPJ	Aupaluk	Canada	Aupaluk Airport
YPL	Pickle Lake	Canada	Pickle Lake Airport
YPM	Pikangikum	Canada	Pikangikum Airport
YPN	Port-Menier	Canada	Port-Menier Airport
YPO	Peawanuck	Canada	Peawanuck Airport
YPQ	Peterborough	Canada	Peterborough Regional Airport
YPR	Prince Rupert	Canada	Prince Rupert Airport
YPW	Powell River	Canada	Powell River Airport
YPX	Puvirnituq	Canada	Puvirnituq Airport
YPY	Fort Chipewyan	Canada	Fort Chipewyan Airport
YPZ	Burns Lake	Canada	Burns Lake Airport
YQA	Gravenhurst	Canada	Muskoka Airport
YQB	Quebec	Canada	Quebec Jean Lesage International Airport
YQC	Quaqtaq	Canada	Quaqtaq Airport
YQD	The Pas	Canada	The Pas Airport
YQG	Windsor	Canada	Windsor International Airport
YQH	Watson Lake	Canada	Watson Lake Airport
YQK	Kenora	Canada	Kenora Airport
YQL	Lethbridge	Canada	Lethbridge County Airport
YQM	Moncton	Canada	Greater Moncton Roméo LeBlanc International Airport
YQN	Nakina	Canada	Nakina Airport
YQQ	Comox	Canada	Comox Valley International Airport / CFB Comox
YQR	Regina	Canada	Regina International Airport
YQT	Thunder Bay	Canada	Thunder Bay International Airport
YQU	Grande Prairie	Canada	Grande Prairie Airport
YQX	Gander	Canada	Gander International Airport
YQY	Sydney	Canada	Sydney / J.A. Douglas McCurdy Airport
YQZ	Quesnel	Canada	Quesnel Airport
YRA	Gamètì	Canada	Rae Lakes Airport
YRB	Resolute Bay	Canada	Resolute Bay Airport
YRF	Cartwright	Canada	Cartwright Airport
YRG	Rigolet	Canada	Rigolet Airport
YRJ	Roberval	Canada	Roberval Airport
YRL	Red Lake	Canada	Red Lake Airport
YRO	Ottawa	Canada	Ottawa / Rockcliffe Airport
YRS	Red Sucker Lake	Canada	Red Sucker Lake Airport
YRT	Rankin Inlet	Canada	Rankin Inlet Airport
YSB	Sudbury	Canada	Sudbury Airport
YSF	Stony Rapids	Canada	Stony Rapids Airport
YSG	Lutselk'e	Canada	Lutselk'e Airport
YSJ	Saint John	Canada	Saint John Airport
YSK	Sanikiluaq	Canada	Sanikiluaq Airport
YSL	Saint-Léonard	Canada	Saint-Léonard Airport
YSM	Fort Smith	Canada	Fort Smith Airport
YSO	Postville	Canada	Postville Airport
YSQ	Qian Gorlos Mongol Autonomous County	China	Songyuan Chaganhu Airport
YST	St. Theresa Point	Canada	St. Theresa Point Airport
YSY	Sachs Harbour	Canada	Sachs Harbour (David Nasogaluak Jr. Saaryuaq) Airport
YTE	Kinngait	Canada	Cape Dorset Airport
YTG	Sullivan Bay	Canada	Sullivan Bay Seaplane Base
YTH	Thompson	Canada	Thompson Airport
YTL	Big Trout Lake	Canada	Big Trout Lake Airport
YTP	Tofino	Canada	Tofino Harbour Seaplane Base
YTQ	Tasiujaq	Canada	Tasiujaq Airport
YTS	Timmins	Canada	Timmins/Victor M. Power
YTW	Hotan (Yutian)	China	Yutian Wanfang Airport
YTY	Yangzhou	China	Yangzhou Taizhou Airport
YTZ	Toronto	Canada	Billy Bishop Toronto City Airport
YUD	Umiujaq	Canada	Umiujaq Airport
YUL	Montréal	Canada	Montreal / Pierre Elliott Trudeau International Airport
YUM	Yuma	United States	Yuma International Airport / Marine Corps Air Station Yuma
YUS	Yushu (Batang)	China	Yushu Batang Airport
YUT	Repulse Bay	Canada	Naujaat Airport
YUX	Sanirajak	Canada	Hall Beach Airport
YUY	Rouyn-Noranda	Canada	Rouyn Noranda Airport
YVB	Bonaventure	Canada	Bonaventure Airport
YVC	La Ronge	Canada	La Ronge Airport
YVM	Qikiqtarjuaq	Canada	Qikiqtarjuaq Airport
YVO	Val-d'Or	Canada	Val-d'Or Airport
YVP	Kuujjuaq	Canada	Kuujjuaq Airport
YVQ	Norman Wells	Canada	Norman Wells Airport
YVR	Vancouver	Canada	Vancouver International Airport
YVV	Wiarton	Canada	Wiarton Airport
YVZ	Deer Lake	Canada	Deer Lake Airport
YWB	Kangiqsujuaq	Canada	Kangiqsujuaq (Wakeham Bay) Airport
YWG	Winnipeg	Canada	Winnipeg / James Armstrong Richardson International Airport
YWH	Victoria	Canada	Victoria Harbour Seaplane Base
YWJ	Déline	Canada	Déline Airport
YWK	Wabush	Canada	Wabush Airport
YWL	Williams Lake	Canada	Williams Lake Airport
YWM	Williams Harbour	Canada	Williams Harbour Airport
YWP	Webequie	Canada	Webequie Airport
YWS	Whistler	Canada	Whistler/Green Lake Water Aerodrome
YXC	Cranbrook	Canada	Cranbrook/Canadian Rockies International Airport
YXE	Saskatoon	Canada	Saskatoon John G. Diefenbaker International Airport
YXH	Medicine Hat	Canada	Medicine Hat Regional Airport
YXJ	Fort Saint John	Canada	Fort St John / North Peace Regional Airport
YXK	Rimouski	Canada	Rimouski Airport
YXL	Sioux Lookout	Canada	Sioux Lookout Airport
YXN	Whale Cove	Canada	Whale Cove Airport
YXP	Pangnirtung	Canada	Pangnirtung Airport
YXS	Prince George	Canada	Prince George (International) Airport
YXT	Terrace	Canada	Northwest Regional Airport Terrace-Kitimat
YXU	London	Canada	London International Airport
YXX	Abbotsford	Canada	Abbotsford International Airport
YXY	Whitehorse	Canada	Whitehorse / Erik Nielsen International Airport
YYA	Yueyang (Yueyanglou)	China	Yueyang Sanhe Airport
YYB	North Bay	Canada	North Bay Jack Garland Airport
YYC	Calgary	Canada	Calgary International Airport
YYD	Smithers	Canada	Smithers Airport
YYE	Fort Nelson	Canada	Fort Nelson Airport
YYF	Penticton	Canada	Penticton Airport
YYG	Charlottetown	Canada	Charlottetown Airport
YYH	Taloyoak	Canada	Taloyoak Airport
YYJ	Victoria	Canada	Victoria International Airport
YYL	Lynn Lake	Canada	Lynn Lake Airport
YYQ	Churchill	Canada	Churchill Airport
YYR	Goose Bay	Canada	Goose Bay Airport
YYT	St. John's	Canada	St. John's International Airport
YYY	Mont-Joli	Canada	Mont Joli Airport
YYZ	Toronto	Canada	Toronto Pearson International Airport
YZF	Yellowknife	Canada	Yellowknife International Airport
YZG	Salluit	Canada	Salluit Airport
YZP	Sandspit	Canada	Sandspit Airport
YZS	Coral Harbour	Canada	Coral Harbour Airport
YZT	Port Hardy	Canada	Port Hardy Airport
YZU	Whitecourt	Canada	Whitecourt Airport
YZV	Sept-Îles	Canada	Sept-Îles Airport
YZY	Zhangye (Ganzhou)	China	Zhangye Ganzhou Airport
YZZ	Trail	Canada	Trail Regional Airport
ZAD	Zadar	Croatia	Zadar Airport
ZAG	Velika Gorica	Croatia	Zagreb Franjo Tuđman International Airport
ZAH	Zahedan	Iran	Zahedan International Airport
ZAL	Valdivia	Chile	Pichoy Airport
ZAM	Zamboanga	Philippines	Zamboanga International Airport
ZAT	Zhaotong	China	Zhaotong Zhaoyang Airport
ZAZ	Zaragoza	Spain	Zaragoza Airport
ZBF	South Tetagouche	Canada	Bathurst Airport
ZBR	Konarak	Iran	Chabahar Konarak International Airport
ZCL	Zacatecas	Mexico	General Leobardo C. Ruiz International Airport
ZCO	Temuco	Chile	La Araucanía International Airport
ZDY	Delma Island	United Arab Emirates	Delma Airport
ZEL	Bella Bella	Canada	Bella Bella (Campbell Island) Airport
ZEM	Eastmain River	Canada	Eastmain River Airport
ZFD	Fond-du-Lac	Canada	Fond-du-Lac Airport
ZFL	Zhaosu	China	Zhaosu Tianma Airport
ZFM	Fort Mcpherson	Canada	Fort Mcpherson Airport
ZFN	Tulita	Canada	Tulita Airport
ZGI	Gods River	Canada	Gods River Airport
ZGS	Le Golfe-du-Saint-Laurent	Canada	La Romaine Airport
ZHA	Zhanjiang	China	Zhanjiang Wuchuan International Airport
ZHY	Zhongwei (Shapotou)	China	Zhongwei Shapotou Airport
ZIA	Moscow	Russia	Zhukovsky International Airport
ZIG	Ziguinchor	Senegal	Ziguinchor Airport
ZIH	Ixtapa	Mexico	Ixtapa-Zihuatanejo International Airport
ZIX	Zhigansk	Russia	Zhigansk Airport
ZKE	Kashechewan	Canada	Kashechewan Airport
ZKP	Zyryanka	Russia	Zyryanka Airport
ZLO	Manzanillo	Mexico	Playa de Oro International Airport
ZLT	La Tabatière	Canada	La Tabatière Airport
ZMT	Masset	Canada	Masset Airport
ZNA	Nanaimo	Canada	Nanaimo Harbour Water Aerodrome
ZND	Zinder	Niger	Zinder Airport
ZNE	Newman	Australia	Newman Airport
ZNZ	Zanzibar	Tanzania	Abeid Amani Karume International Airport
ZOS	Osorno	Chile	Cañal Bajo Carlos Hott Siebert Airport
ZPB	Sachigo Lake	Canada	Sachigo Lake Airport
ZPC	Pucon	Chile	Pucón Airport
ZQN	Queenstown	New Zealand	Queenstown Airport
ZQZ	Zhangjiakou	China	Zhangjiakou Ningyuan Airport
ZRH	Zurich	Switzerland	Zürich Airport
ZRJ	Round Lake	Canada	Round Lake (Weagamow Lake) Airport
ZSA	San Salvador	Bahamas	San Salvador International Airport
ZSE	Saint-Pierre	Réunion	Saint-Pierre Pierrefonds Airport
ZSJ	Sandy Lake	Canada	Sandy Lake Airport
ZTB	Tête-à-la-Baleine	Canada	Tête-à-la-Baleine Airport
ZTH	Zakynthos	Greece	Zakynthos International Airport Dionysios Solomos
ZTM	Shamattawa	Canada	Shamattawa Airport
ZUH	Zhuhai (Jinwan)	China	Zhuhai Jinwan Airport
ZUM	Churchill Falls	Canada	Churchill Falls Airport
ZWL	Wollaston Lake	Canada	Wollaston Lake Airport
ZYI	Zunyi	China	Zunyi Xinzhou Airport
ZYL	Sylhet	Bangladesh	Osmany International Airport
